<?xml version="1.0"?>
<link_info>
   <banner>TI ARM Linker PC v5.0.4</banner>
   <copyright>Copyright (c) 1996-2013 Texas Instruments Incorporated</copyright>
   <link_time>0x5245c69c</link_time>
   <output_file>lab04.out</output_file>
   <entry_point>
      <name>_c_int00</name>
      <address>0x6ad</address>
   </entry_point>
   <input_file_list>
      <input_file id="fl-2">
         <path>.\</path>
         <kind>object</kind>
         <file>startup_ccs.obj</file>
         <name>startup_ccs.obj</name>
      </input_file>
      <input_file id="fl-3">
         <path>.\</path>
         <kind>object</kind>
         <file>main.obj</file>
         <name>main.obj</name>
      </input_file>
      <input_file id="fl-4">
         <path>..\</path>
         <kind>object</kind>
         <file>bbspi.obj</file>
         <name>bbspi.obj</name>
      </input_file>
      <input_file id="fl-9">
         <path>U:\ECPE 172\support\Debug\</path>
         <kind>archive</kind>
         <file>support.lib</file>
         <name>osc.obj</name>
      </input_file>
      <input_file id="fl-133">
         <path>C:\StellarisWare\ccsv5\tools\compiler\arm_5.0.4\lib\</path>
         <kind>archive</kind>
         <file>rtsv7M3_T_le_eabi.lib</file>
         <name>boot.obj</name>
      </input_file>
      <input_file id="fl-134">
         <path>C:\StellarisWare\ccsv5\tools\compiler\arm_5.0.4\lib\</path>
         <kind>archive</kind>
         <file>rtsv7M3_T_le_eabi.lib</file>
         <name>copy_decompress_none.obj</name>
      </input_file>
      <input_file id="fl-135">
         <path>C:\StellarisWare\ccsv5\tools\compiler\arm_5.0.4\lib\</path>
         <kind>archive</kind>
         <file>rtsv7M3_T_le_eabi.lib</file>
         <name>copy_decompress_rle.obj</name>
      </input_file>
      <input_file id="fl-136">
         <path>C:\StellarisWare\ccsv5\tools\compiler\arm_5.0.4\lib\</path>
         <kind>archive</kind>
         <file>rtsv7M3_T_le_eabi.lib</file>
         <name>copy_zero_init.obj</name>
      </input_file>
      <input_file id="fl-137">
         <path>C:\StellarisWare\ccsv5\tools\compiler\arm_5.0.4\lib\</path>
         <kind>archive</kind>
         <file>rtsv7M3_T_le_eabi.lib</file>
         <name>exit.obj</name>
      </input_file>
      <input_file id="fl-138">
         <path>C:\StellarisWare\ccsv5\tools\compiler\arm_5.0.4\lib\</path>
         <kind>archive</kind>
         <file>rtsv7M3_T_le_eabi.lib</file>
         <name>memcpy_t2.obj</name>
      </input_file>
      <input_file id="fl-139">
         <path>C:\StellarisWare\ccsv5\tools\compiler\arm_5.0.4\lib\</path>
         <kind>archive</kind>
         <file>rtsv7M3_T_le_eabi.lib</file>
         <name>stkdepth_vars.obj</name>
      </input_file>
      <input_file id="fl-13a">
         <path>C:\StellarisWare\ccsv5\tools\compiler\arm_5.0.4\lib\</path>
         <kind>archive</kind>
         <file>rtsv7M3_T_le_eabi.lib</file>
         <name>_lock.obj</name>
      </input_file>
      <input_file id="fl-13b">
         <path>C:\StellarisWare\ccsv5\tools\compiler\arm_5.0.4\lib\</path>
         <kind>archive</kind>
         <file>rtsv7M3_T_le_eabi.lib</file>
         <name>args_main.obj</name>
      </input_file>
      <input_file id="fl-13c">
         <path>C:\StellarisWare\ccsv5\tools\compiler\arm_5.0.4\lib\</path>
         <kind>archive</kind>
         <file>rtsv7M3_T_le_eabi.lib</file>
         <name>auto_init.obj</name>
      </input_file>
      <input_file id="fl-13d">
         <path>C:\StellarisWare\ccsv5\tools\compiler\arm_5.0.4\lib\</path>
         <kind>archive</kind>
         <file>rtsv7M3_T_le_eabi.lib</file>
         <name>cpy_tbl.obj</name>
      </input_file>
   </input_file_list>
   <object_component_list>
      <object_component id="oc-e">
         <name>.intvecs</name>
         <load_address>0x0</load_address>
         <run_address>0x0</run_address>
         <size>0xf0</size>
         <input_file_ref idref="fl-2"/>
      </object_component>
      <object_component id="oc-6d">
         <name>.text</name>
         <load_address>0xf0</load_address>
         <run_address>0xf0</run_address>
         <size>0x1a4</size>
         <input_file_ref idref="fl-3"/>
      </object_component>
      <object_component id="oc-26">
         <name>.text</name>
         <load_address>0x294</load_address>
         <run_address>0x294</run_address>
         <size>0x184</size>
         <input_file_ref idref="fl-4"/>
      </object_component>
      <object_component id="oc-3d">
         <name>.text</name>
         <load_address>0x418</load_address>
         <run_address>0x418</run_address>
         <size>0x9c</size>
         <input_file_ref idref="fl-138"/>
      </object_component>
      <object_component id="oc-2e">
         <name>.text</name>
         <load_address>0x4b4</load_address>
         <run_address>0x4b4</run_address>
         <size>0x94</size>
         <input_file_ref idref="fl-13c"/>
      </object_component>
      <object_component id="oc-a2">
         <name>.text</name>
         <load_address>0x548</load_address>
         <run_address>0x548</run_address>
         <size>0x80</size>
         <input_file_ref idref="fl-9"/>
      </object_component>
      <object_component id="oc-4d">
         <name>.text</name>
         <load_address>0x5c8</load_address>
         <run_address>0x5c8</run_address>
         <size>0x5e</size>
         <input_file_ref idref="fl-135"/>
      </object_component>
      <object_component id="oc-68">
         <name>.text</name>
         <load_address>0x628</load_address>
         <run_address>0x628</run_address>
         <size>0x44</size>
         <input_file_ref idref="fl-13d"/>
      </object_component>
      <object_component id="oc-36">
         <name>.text</name>
         <load_address>0x66c</load_address>
         <run_address>0x66c</run_address>
         <size>0x40</size>
         <input_file_ref idref="fl-137"/>
      </object_component>
      <object_component id="oc-10">
         <name>.text</name>
         <load_address>0x6ac</load_address>
         <run_address>0x6ac</run_address>
         <size>0x34</size>
         <input_file_ref idref="fl-133"/>
      </object_component>
      <object_component id="oc-32">
         <name>.text</name>
         <load_address>0x6e0</load_address>
         <run_address>0x6e0</run_address>
         <size>0x18</size>
         <input_file_ref idref="fl-13b"/>
      </object_component>
      <object_component id="oc-ae">
         <name>.text</name>
         <load_address>0x6f8</load_address>
         <run_address>0x6f8</run_address>
         <size>0x14</size>
         <input_file_ref idref="fl-13a"/>
      </object_component>
      <object_component id="oc-18">
         <name>.text:decompress:ZI</name>
         <load_address>0x70c</load_address>
         <run_address>0x70c</run_address>
         <size>0x12</size>
         <input_file_ref idref="fl-136"/>
      </object_component>
      <object_component id="oc-14">
         <name>.text:decompress:none</name>
         <load_address>0x71e</load_address>
         <run_address>0x71e</run_address>
         <size>0xe</size>
         <input_file_ref idref="fl-134"/>
      </object_component>
      <object_component id="oc-21">
         <name>.text</name>
         <load_address>0x72c</load_address>
         <run_address>0x72c</run_address>
         <size>0xc</size>
         <input_file_ref idref="fl-2"/>
      </object_component>
      <object_component id="oc-1c">
         <name>.text:decompress:rle24</name>
         <load_address>0x738</load_address>
         <run_address>0x738</run_address>
         <size>0x6</size>
         <input_file_ref idref="fl-135"/>
      </object_component>
      <object_component id="oc-ec">
         <name>.cinit..data.load</name>
         <load_address>0x740</load_address>
         <run_address>0x740</run_address>
         <size>0xf</size>
      </object_component>
      <object_component id="oc-ea">
         <name>__TI_handler_table</name>
         <load_address>0x750</load_address>
         <run_address>0x750</run_address>
         <size>0xc</size>
      </object_component>
      <object_component id="oc-ed">
         <name>.cinit..bss.load</name>
         <load_address>0x760</load_address>
         <run_address>0x760</run_address>
         <size>0x8</size>
      </object_component>
      <object_component id="oc-eb">
         <name>__TI_cinit_table</name>
         <load_address>0x768</load_address>
         <run_address>0x768</run_address>
         <size>0x10</size>
      </object_component>
      <object_component id="oc-3a">
         <name>.data</name>
         <load_address>0x20000210</load_address>
         <run_address>0x20000210</run_address>
         <size>0x4</size>
         <input_file_ref idref="fl-139"/>
      </object_component>
      <object_component id="oc-78">
         <name>.data</name>
         <load_address>0x20000200</load_address>
         <run_address>0x20000200</run_address>
         <size>0x8</size>
         <input_file_ref idref="fl-13a"/>
      </object_component>
      <object_component id="oc-7a">
         <name>.data</name>
         <load_address>0x20000208</load_address>
         <run_address>0x20000208</run_address>
         <size>0x8</size>
         <input_file_ref idref="fl-137"/>
      </object_component>
      <object_component id="oc-59">
         <name>.bss</name>
         <uninitialized>true</uninitialized>
         <run_address>0x20000214</run_address>
         <size>0x2</size>
         <input_file_ref idref="fl-4"/>
      </object_component>
      <object_component id="oc-20">
         <name>.stack</name>
         <uninitialized>true</uninitialized>
         <run_address>0x20000000</run_address>
         <size>0x0</size>
         <input_file_ref idref="fl-133"/>
      </object_component>
      <object_component id="oc-ee">
         <name>.stack</name>
         <uninitialized>true</uninitialized>
         <run_address>0x20000000</run_address>
         <size>0x0</size>
      </object_component>
      <object_component id="oc-f">
         <name>.debug_info</name>
         <load_address>0x0</load_address>
         <run_address>0x0</run_address>
         <size>0xbe</size>
         <input_file_ref idref="fl-2"/>
      </object_component>
      <object_component id="oc-11">
         <name>.debug_info</name>
         <load_address>0xbe</load_address>
         <run_address>0xbe</run_address>
         <size>0xf4</size>
         <input_file_ref idref="fl-133"/>
      </object_component>
      <object_component id="oc-15">
         <name>.debug_info</name>
         <load_address>0x1b2</load_address>
         <run_address>0x1b2</run_address>
         <size>0x159</size>
         <input_file_ref idref="fl-134"/>
      </object_component>
      <object_component id="oc-19">
         <name>.debug_info</name>
         <load_address>0x30b</load_address>
         <run_address>0x30b</run_address>
         <size>0x193</size>
         <input_file_ref idref="fl-136"/>
      </object_component>
      <object_component id="oc-1d">
         <name>.debug_info</name>
         <load_address>0x49e</load_address>
         <run_address>0x49e</run_address>
         <size>0x16a</size>
         <input_file_ref idref="fl-135"/>
      </object_component>
      <object_component id="oc-22">
         <name>.debug_info</name>
         <load_address>0x608</load_address>
         <run_address>0x608</run_address>
         <size>0x31c</size>
         <input_file_ref idref="fl-2"/>
      </object_component>
      <object_component id="oc-27">
         <name>.debug_info</name>
         <load_address>0x924</load_address>
         <run_address>0x924</run_address>
         <size>0x267</size>
         <input_file_ref idref="fl-4"/>
      </object_component>
      <object_component id="oc-2d">
         <name>.debug_info</name>
         <load_address>0xb8b</load_address>
         <run_address>0xb8b</run_address>
         <size>0xee</size>
         <input_file_ref idref="fl-2"/>
      </object_component>
      <object_component id="oc-2f">
         <name>.debug_info</name>
         <load_address>0xc79</load_address>
         <run_address>0xc79</run_address>
         <size>0x13f</size>
         <input_file_ref idref="fl-13c"/>
      </object_component>
      <object_component id="oc-33">
         <name>.debug_info</name>
         <load_address>0xdb8</load_address>
         <run_address>0xdb8</run_address>
         <size>0xfe</size>
         <input_file_ref idref="fl-13b"/>
      </object_component>
      <object_component id="oc-37">
         <name>.debug_info</name>
         <load_address>0xeb6</load_address>
         <run_address>0xeb6</run_address>
         <size>0x205</size>
         <input_file_ref idref="fl-137"/>
      </object_component>
      <object_component id="oc-3b">
         <name>.debug_info</name>
         <load_address>0x10bb</load_address>
         <run_address>0x10bb</run_address>
         <size>0xbe</size>
         <input_file_ref idref="fl-139"/>
      </object_component>
      <object_component id="oc-3e">
         <name>.debug_info</name>
         <load_address>0x1179</load_address>
         <run_address>0x1179</run_address>
         <size>0xcd</size>
         <input_file_ref idref="fl-138"/>
      </object_component>
      <object_component id="oc-42">
         <name>.debug_info</name>
         <load_address>0x1246</load_address>
         <run_address>0x1246</run_address>
         <size>0x46</size>
         <input_file_ref idref="fl-134"/>
      </object_component>
      <object_component id="oc-48">
         <name>.debug_info</name>
         <load_address>0x128c</load_address>
         <run_address>0x128c</run_address>
         <size>0x46</size>
         <input_file_ref idref="fl-136"/>
      </object_component>
      <object_component id="oc-4e">
         <name>.debug_info</name>
         <load_address>0x12d2</load_address>
         <run_address>0x12d2</run_address>
         <size>0x318</size>
         <input_file_ref idref="fl-135"/>
      </object_component>
      <object_component id="oc-52">
         <name>.debug_info</name>
         <load_address>0x15ea</load_address>
         <run_address>0x15ea</run_address>
         <size>0xb2</size>
         <input_file_ref idref="fl-135"/>
      </object_component>
      <object_component id="oc-53">
         <name>.debug_info</name>
         <load_address>0x169c</load_address>
         <run_address>0x169c</run_address>
         <size>0x39</size>
         <input_file_ref idref="fl-135"/>
      </object_component>
      <object_component id="oc-5a">
         <name>.debug_info</name>
         <load_address>0x16d5</load_address>
         <run_address>0x16d5</run_address>
         <size>0xc4</size>
         <input_file_ref idref="fl-4"/>
      </object_component>
      <object_component id="oc-5c">
         <name>.debug_info</name>
         <load_address>0x1799</load_address>
         <run_address>0x1799</run_address>
         <size>0x84</size>
         <input_file_ref idref="fl-4"/>
      </object_component>
      <object_component id="oc-63">
         <name>.debug_info</name>
         <load_address>0x181d</load_address>
         <run_address>0x181d</run_address>
         <size>0x89</size>
         <input_file_ref idref="fl-2"/>
      </object_component>
      <object_component id="oc-69">
         <name>.debug_info</name>
         <load_address>0x18a6</load_address>
         <run_address>0x18a6</run_address>
         <size>0x191</size>
         <input_file_ref idref="fl-13d"/>
      </object_component>
      <object_component id="oc-6e">
         <name>.debug_info</name>
         <load_address>0x1a37</load_address>
         <run_address>0x1a37</run_address>
         <size>0x595</size>
         <input_file_ref idref="fl-3"/>
      </object_component>
      <object_component id="oc-73">
         <name>.debug_info</name>
         <load_address>0x1fcc</load_address>
         <run_address>0x1fcc</run_address>
         <size>0x90</size>
         <input_file_ref idref="fl-13b"/>
      </object_component>
      <object_component id="oc-79">
         <name>.debug_info</name>
         <load_address>0x205c</load_address>
         <run_address>0x205c</run_address>
         <size>0xc8</size>
         <input_file_ref idref="fl-13a"/>
      </object_component>
      <object_component id="oc-7b">
         <name>.debug_info</name>
         <load_address>0x2124</load_address>
         <run_address>0x2124</run_address>
         <size>0xdb</size>
         <input_file_ref idref="fl-137"/>
      </object_component>
      <object_component id="oc-7d">
         <name>.debug_info</name>
         <load_address>0x21ff</load_address>
         <run_address>0x21ff</run_address>
         <size>0x89</size>
         <input_file_ref idref="fl-134"/>
      </object_component>
      <object_component id="oc-84">
         <name>.debug_info</name>
         <load_address>0x2288</load_address>
         <run_address>0x2288</run_address>
         <size>0x83</size>
         <input_file_ref idref="fl-139"/>
      </object_component>
      <object_component id="oc-8a">
         <name>.debug_info</name>
         <load_address>0x230b</load_address>
         <run_address>0x230b</run_address>
         <size>0x46</size>
         <input_file_ref idref="fl-134"/>
      </object_component>
      <object_component id="oc-8f">
         <name>.debug_info</name>
         <load_address>0x2351</load_address>
         <run_address>0x2351</run_address>
         <size>0xe8</size>
         <input_file_ref idref="fl-134"/>
      </object_component>
      <object_component id="oc-90">
         <name>.debug_info</name>
         <load_address>0x2439</load_address>
         <run_address>0x2439</run_address>
         <size>0x2c</size>
         <input_file_ref idref="fl-135"/>
      </object_component>
      <object_component id="oc-95">
         <name>.debug_info</name>
         <load_address>0x2465</load_address>
         <run_address>0x2465</run_address>
         <size>0xa8</size>
         <input_file_ref idref="fl-136"/>
      </object_component>
      <object_component id="oc-97">
         <name>.debug_info</name>
         <load_address>0x250d</load_address>
         <run_address>0x250d</run_address>
         <size>0x84</size>
         <input_file_ref idref="fl-135"/>
      </object_component>
      <object_component id="oc-a1">
         <name>.debug_info</name>
         <load_address>0x2591</load_address>
         <run_address>0x2591</run_address>
         <size>0x143</size>
         <input_file_ref idref="fl-13d"/>
      </object_component>
      <object_component id="oc-a3">
         <name>.debug_info</name>
         <load_address>0x26d4</load_address>
         <run_address>0x26d4</run_address>
         <size>0x146</size>
         <input_file_ref idref="fl-9"/>
      </object_component>
      <object_component id="oc-a8">
         <name>.debug_info</name>
         <load_address>0x281a</load_address>
         <run_address>0x281a</run_address>
         <size>0xf9</size>
         <input_file_ref idref="fl-3"/>
      </object_component>
      <object_component id="oc-a9">
         <name>.debug_info</name>
         <load_address>0x2913</load_address>
         <run_address>0x2913</run_address>
         <size>0x84</size>
         <input_file_ref idref="fl-3"/>
      </object_component>
      <object_component id="oc-af">
         <name>.debug_info</name>
         <load_address>0x2997</load_address>
         <run_address>0x2997</run_address>
         <size>0x1ba</size>
         <input_file_ref idref="fl-13a"/>
      </object_component>
      <object_component id="oc-b4">
         <name>.debug_info</name>
         <load_address>0x2b51</load_address>
         <run_address>0x2b51</run_address>
         <size>0xd4</size>
         <input_file_ref idref="fl-13a"/>
      </object_component>
      <object_component id="oc-b7">
         <name>.debug_info</name>
         <load_address>0x2c25</load_address>
         <run_address>0x2c25</run_address>
         <size>0x131</size>
         <input_file_ref idref="fl-137"/>
      </object_component>
      <object_component id="oc-be">
         <name>.debug_info</name>
         <load_address>0x2d56</load_address>
         <run_address>0x2d56</run_address>
         <size>0xcd</size>
         <input_file_ref idref="fl-13d"/>
      </object_component>
      <object_component id="oc-c4">
         <name>.debug_info</name>
         <load_address>0x2e23</load_address>
         <run_address>0x2e23</run_address>
         <size>0x84</size>
         <input_file_ref idref="fl-9"/>
      </object_component>
      <object_component id="oc-ef">
         <name>.debug_info</name>
         <load_address>0x2ea7</load_address>
         <run_address>0x2ea7</run_address>
         <size>0x85</size>
      </object_component>
      <object_component id="oc-12">
         <name>.debug_line</name>
         <load_address>0x0</load_address>
         <run_address>0x0</run_address>
         <size>0x49</size>
         <input_file_ref idref="fl-133"/>
      </object_component>
      <object_component id="oc-16">
         <name>.debug_line</name>
         <load_address>0x49</load_address>
         <run_address>0x49</run_address>
         <size>0x4d</size>
         <input_file_ref idref="fl-134"/>
      </object_component>
      <object_component id="oc-1a">
         <name>.debug_line</name>
         <load_address>0x96</load_address>
         <run_address>0x96</run_address>
         <size>0x4c</size>
         <input_file_ref idref="fl-136"/>
      </object_component>
      <object_component id="oc-1e">
         <name>.debug_line</name>
         <load_address>0xe2</load_address>
         <run_address>0xe2</run_address>
         <size>0x4c</size>
         <input_file_ref idref="fl-135"/>
      </object_component>
      <object_component id="oc-23">
         <name>.debug_line</name>
         <load_address>0x12e</load_address>
         <run_address>0x12e</run_address>
         <size>0x94</size>
         <input_file_ref idref="fl-2"/>
      </object_component>
      <object_component id="oc-28">
         <name>.debug_line</name>
         <load_address>0x1c2</load_address>
         <run_address>0x1c2</run_address>
         <size>0xb4</size>
         <input_file_ref idref="fl-4"/>
      </object_component>
      <object_component id="oc-2c">
         <name>.debug_line</name>
         <load_address>0x276</load_address>
         <run_address>0x276</run_address>
         <size>0x34</size>
         <input_file_ref idref="fl-2"/>
      </object_component>
      <object_component id="oc-30">
         <name>.debug_line</name>
         <load_address>0x2aa</load_address>
         <run_address>0x2aa</run_address>
         <size>0x87</size>
         <input_file_ref idref="fl-13c"/>
      </object_component>
      <object_component id="oc-34">
         <name>.debug_line</name>
         <load_address>0x331</load_address>
         <run_address>0x331</run_address>
         <size>0x42</size>
         <input_file_ref idref="fl-13b"/>
      </object_component>
      <object_component id="oc-38">
         <name>.debug_line</name>
         <load_address>0x373</load_address>
         <run_address>0x373</run_address>
         <size>0x71</size>
         <input_file_ref idref="fl-137"/>
      </object_component>
      <object_component id="oc-3f">
         <name>.debug_line</name>
         <load_address>0x3e4</load_address>
         <run_address>0x3e4</run_address>
         <size>0x88</size>
         <input_file_ref idref="fl-138"/>
      </object_component>
      <object_component id="oc-44">
         <name>.debug_line</name>
         <load_address>0x46c</load_address>
         <run_address>0x46c</run_address>
         <size>0x3a</size>
         <input_file_ref idref="fl-134"/>
      </object_component>
      <object_component id="oc-4a">
         <name>.debug_line</name>
         <load_address>0x4a6</load_address>
         <run_address>0x4a6</run_address>
         <size>0x34</size>
         <input_file_ref idref="fl-136"/>
      </object_component>
      <object_component id="oc-4f">
         <name>.debug_line</name>
         <load_address>0x4da</load_address>
         <run_address>0x4da</run_address>
         <size>0x58</size>
         <input_file_ref idref="fl-135"/>
      </object_component>
      <object_component id="oc-55">
         <name>.debug_line</name>
         <load_address>0x532</load_address>
         <run_address>0x532</run_address>
         <size>0x39</size>
         <input_file_ref idref="fl-135"/>
      </object_component>
      <object_component id="oc-5e">
         <name>.debug_line</name>
         <load_address>0x56b</load_address>
         <run_address>0x56b</run_address>
         <size>0x20</size>
         <input_file_ref idref="fl-4"/>
      </object_component>
      <object_component id="oc-62">
         <name>.debug_line</name>
         <load_address>0x58b</load_address>
         <run_address>0x58b</run_address>
         <size>0x34</size>
         <input_file_ref idref="fl-2"/>
      </object_component>
      <object_component id="oc-65">
         <name>.debug_line</name>
         <load_address>0x5bf</load_address>
         <run_address>0x5bf</run_address>
         <size>0x20</size>
         <input_file_ref idref="fl-2"/>
      </object_component>
      <object_component id="oc-6a">
         <name>.debug_line</name>
         <load_address>0x5df</load_address>
         <run_address>0x5df</run_address>
         <size>0x43</size>
         <input_file_ref idref="fl-13d"/>
      </object_component>
      <object_component id="oc-6f">
         <name>.debug_line</name>
         <load_address>0x622</load_address>
         <run_address>0x622</run_address>
         <size>0xf3</size>
         <input_file_ref idref="fl-3"/>
      </object_component>
      <object_component id="oc-75">
         <name>.debug_line</name>
         <load_address>0x715</load_address>
         <run_address>0x715</run_address>
         <size>0x20</size>
         <input_file_ref idref="fl-13b"/>
      </object_component>
      <object_component id="oc-7f">
         <name>.debug_line</name>
         <load_address>0x735</load_address>
         <run_address>0x735</run_address>
         <size>0x20</size>
         <input_file_ref idref="fl-134"/>
      </object_component>
      <object_component id="oc-83">
         <name>.debug_line</name>
         <load_address>0x755</load_address>
         <run_address>0x755</run_address>
         <size>0x33</size>
         <input_file_ref idref="fl-139"/>
      </object_component>
      <object_component id="oc-86">
         <name>.debug_line</name>
         <load_address>0x788</load_address>
         <run_address>0x788</run_address>
         <size>0x20</size>
         <input_file_ref idref="fl-139"/>
      </object_component>
      <object_component id="oc-8c">
         <name>.debug_line</name>
         <load_address>0x7a8</load_address>
         <run_address>0x7a8</run_address>
         <size>0x44</size>
         <input_file_ref idref="fl-134"/>
      </object_component>
      <object_component id="oc-92">
         <name>.debug_line</name>
         <load_address>0x7ec</load_address>
         <run_address>0x7ec</run_address>
         <size>0x44</size>
         <input_file_ref idref="fl-135"/>
      </object_component>
      <object_component id="oc-99">
         <name>.debug_line</name>
         <load_address>0x830</load_address>
         <run_address>0x830</run_address>
         <size>0x20</size>
         <input_file_ref idref="fl-135"/>
      </object_component>
      <object_component id="oc-9d">
         <name>.debug_line</name>
         <load_address>0x850</load_address>
         <run_address>0x850</run_address>
         <size>0x20</size>
         <input_file_ref idref="fl-135"/>
      </object_component>
      <object_component id="oc-9f">
         <name>.debug_line</name>
         <load_address>0x870</load_address>
         <run_address>0x870</run_address>
         <size>0x2e</size>
         <input_file_ref idref="fl-4"/>
      </object_component>
      <object_component id="oc-a4">
         <name>.debug_line</name>
         <load_address>0x89e</load_address>
         <run_address>0x89e</run_address>
         <size>0x52</size>
         <input_file_ref idref="fl-9"/>
      </object_component>
      <object_component id="oc-ab">
         <name>.debug_line</name>
         <load_address>0x8f0</load_address>
         <run_address>0x8f0</run_address>
         <size>0x20</size>
         <input_file_ref idref="fl-3"/>
      </object_component>
      <object_component id="oc-b0">
         <name>.debug_line</name>
         <load_address>0x910</load_address>
         <run_address>0x910</run_address>
         <size>0x60</size>
         <input_file_ref idref="fl-13a"/>
      </object_component>
      <object_component id="oc-b3">
         <name>.debug_line</name>
         <load_address>0x970</load_address>
         <run_address>0x970</run_address>
         <size>0x2b</size>
         <input_file_ref idref="fl-13a"/>
      </object_component>
      <object_component id="oc-b6">
         <name>.debug_line</name>
         <load_address>0x99b</load_address>
         <run_address>0x99b</run_address>
         <size>0x2a</size>
         <input_file_ref idref="fl-137"/>
      </object_component>
      <object_component id="oc-b9">
         <name>.debug_line</name>
         <load_address>0x9c5</load_address>
         <run_address>0x9c5</run_address>
         <size>0x20</size>
         <input_file_ref idref="fl-134"/>
      </object_component>
      <object_component id="oc-bb">
         <name>.debug_line</name>
         <load_address>0x9e5</load_address>
         <run_address>0x9e5</run_address>
         <size>0x20</size>
         <input_file_ref idref="fl-136"/>
      </object_component>
      <object_component id="oc-bd">
         <name>.debug_line</name>
         <load_address>0xa05</load_address>
         <run_address>0xa05</run_address>
         <size>0x51</size>
         <input_file_ref idref="fl-13d"/>
      </object_component>
      <object_component id="oc-c0">
         <name>.debug_line</name>
         <load_address>0xa56</load_address>
         <run_address>0xa56</run_address>
         <size>0x45</size>
         <input_file_ref idref="fl-13d"/>
      </object_component>
      <object_component id="oc-c6">
         <name>.debug_line</name>
         <load_address>0xa9b</load_address>
         <run_address>0xa9b</run_address>
         <size>0x20</size>
         <input_file_ref idref="fl-9"/>
      </object_component>
      <object_component id="oc-ca">
         <name>.debug_line</name>
         <load_address>0xabb</load_address>
         <run_address>0xabb</run_address>
         <size>0x3b</size>
         <input_file_ref idref="fl-3"/>
      </object_component>
      <object_component id="oc-cd">
         <name>.debug_line</name>
         <load_address>0xaf6</load_address>
         <run_address>0xaf6</run_address>
         <size>0x20</size>
         <input_file_ref idref="fl-13a"/>
      </object_component>
      <object_component id="oc-cf">
         <name>.debug_line</name>
         <load_address>0xb16</load_address>
         <run_address>0xb16</run_address>
         <size>0x43</size>
         <input_file_ref idref="fl-137"/>
      </object_component>
      <object_component id="oc-13">
         <name>.debug_aranges</name>
         <load_address>0x0</load_address>
         <run_address>0x0</run_address>
         <size>0x20</size>
         <input_file_ref idref="fl-133"/>
      </object_component>
      <object_component id="oc-17">
         <name>.debug_aranges</name>
         <load_address>0x20</load_address>
         <run_address>0x20</run_address>
         <size>0x20</size>
         <input_file_ref idref="fl-134"/>
      </object_component>
      <object_component id="oc-1b">
         <name>.debug_aranges</name>
         <load_address>0x40</load_address>
         <run_address>0x40</run_address>
         <size>0x20</size>
         <input_file_ref idref="fl-136"/>
      </object_component>
      <object_component id="oc-1f">
         <name>.debug_aranges</name>
         <load_address>0x60</load_address>
         <run_address>0x60</run_address>
         <size>0x20</size>
         <input_file_ref idref="fl-135"/>
      </object_component>
      <object_component id="oc-25">
         <name>.debug_aranges</name>
         <load_address>0x80</load_address>
         <run_address>0x80</run_address>
         <size>0x38</size>
         <input_file_ref idref="fl-2"/>
      </object_component>
      <object_component id="oc-2a">
         <name>.debug_aranges</name>
         <load_address>0xb8</load_address>
         <run_address>0xb8</run_address>
         <size>0x38</size>
         <input_file_ref idref="fl-4"/>
      </object_component>
      <object_component id="oc-31">
         <name>.debug_aranges</name>
         <load_address>0xf0</load_address>
         <run_address>0xf0</run_address>
         <size>0x28</size>
         <input_file_ref idref="fl-13c"/>
      </object_component>
      <object_component id="oc-35">
         <name>.debug_aranges</name>
         <load_address>0x118</load_address>
         <run_address>0x118</run_address>
         <size>0x20</size>
         <input_file_ref idref="fl-13b"/>
      </object_component>
      <object_component id="oc-39">
         <name>.debug_aranges</name>
         <load_address>0x138</load_address>
         <run_address>0x138</run_address>
         <size>0x30</size>
         <input_file_ref idref="fl-137"/>
      </object_component>
      <object_component id="oc-40">
         <name>.debug_aranges</name>
         <load_address>0x168</load_address>
         <run_address>0x168</run_address>
         <size>0x20</size>
         <input_file_ref idref="fl-138"/>
      </object_component>
      <object_component id="oc-50">
         <name>.debug_aranges</name>
         <load_address>0x188</load_address>
         <run_address>0x188</run_address>
         <size>0x20</size>
         <input_file_ref idref="fl-135"/>
      </object_component>
      <object_component id="oc-6b">
         <name>.debug_aranges</name>
         <load_address>0x1a8</load_address>
         <run_address>0x1a8</run_address>
         <size>0x20</size>
         <input_file_ref idref="fl-13d"/>
      </object_component>
      <object_component id="oc-71">
         <name>.debug_aranges</name>
         <load_address>0x1c8</load_address>
         <run_address>0x1c8</run_address>
         <size>0x30</size>
         <input_file_ref idref="fl-3"/>
      </object_component>
      <object_component id="oc-a6">
         <name>.debug_aranges</name>
         <load_address>0x1f8</load_address>
         <run_address>0x1f8</run_address>
         <size>0x20</size>
         <input_file_ref idref="fl-9"/>
      </object_component>
      <object_component id="oc-b1">
         <name>.debug_aranges</name>
         <load_address>0x218</load_address>
         <run_address>0x218</run_address>
         <size>0x30</size>
         <input_file_ref idref="fl-13a"/>
      </object_component>
      <object_component id="oc-24">
         <name>.debug_frame</name>
         <load_address>0x0</load_address>
         <run_address>0x0</run_address>
         <size>0x72</size>
         <input_file_ref idref="fl-2"/>
      </object_component>
      <object_component id="oc-29">
         <name>.debug_frame</name>
         <load_address>0x72</load_address>
         <run_address>0x72</run_address>
         <size>0x7a</size>
         <input_file_ref idref="fl-4"/>
      </object_component>
      <object_component id="oc-70">
         <name>.debug_frame</name>
         <load_address>0xec</load_address>
         <run_address>0xec</run_address>
         <size>0x75</size>
         <input_file_ref idref="fl-3"/>
      </object_component>
      <object_component id="oc-a5">
         <name>.debug_frame</name>
         <load_address>0x161</load_address>
         <run_address>0x161</run_address>
         <size>0x3f</size>
         <input_file_ref idref="fl-9"/>
      </object_component>
      <object_component id="oc-2b">
         <name>.debug_abbrev</name>
         <load_address>0x0</load_address>
         <run_address>0x0</run_address>
         <size>0x29</size>
         <input_file_ref idref="fl-2"/>
      </object_component>
      <object_component id="oc-3c">
         <name>.debug_abbrev</name>
         <load_address>0x29</load_address>
         <run_address>0x29</run_address>
         <size>0x40</size>
         <input_file_ref idref="fl-133"/>
      </object_component>
      <object_component id="oc-41">
         <name>.debug_abbrev</name>
         <load_address>0x69</load_address>
         <run_address>0x69</run_address>
         <size>0x6b</size>
         <input_file_ref idref="fl-134"/>
      </object_component>
      <object_component id="oc-43">
         <name>.debug_abbrev</name>
         <load_address>0xd4</load_address>
         <run_address>0xd4</run_address>
         <size>0x24</size>
         <input_file_ref idref="fl-134"/>
      </object_component>
      <object_component id="oc-47">
         <name>.debug_abbrev</name>
         <load_address>0xf8</load_address>
         <run_address>0xf8</run_address>
         <size>0x85</size>
         <input_file_ref idref="fl-136"/>
      </object_component>
      <object_component id="oc-49">
         <name>.debug_abbrev</name>
         <load_address>0x17d</load_address>
         <run_address>0x17d</run_address>
         <size>0x24</size>
         <input_file_ref idref="fl-136"/>
      </object_component>
      <object_component id="oc-51">
         <name>.debug_abbrev</name>
         <load_address>0x1a1</load_address>
         <run_address>0x1a1</run_address>
         <size>0x6b</size>
         <input_file_ref idref="fl-135"/>
      </object_component>
      <object_component id="oc-54">
         <name>.debug_abbrev</name>
         <load_address>0x20c</load_address>
         <run_address>0x20c</run_address>
         <size>0x24</size>
         <input_file_ref idref="fl-135"/>
      </object_component>
      <object_component id="oc-58">
         <name>.debug_abbrev</name>
         <load_address>0x230</load_address>
         <run_address>0x230</run_address>
         <size>0x9a</size>
         <input_file_ref idref="fl-2"/>
      </object_component>
      <object_component id="oc-5b">
         <name>.debug_abbrev</name>
         <load_address>0x2ca</load_address>
         <run_address>0x2ca</run_address>
         <size>0x7d</size>
         <input_file_ref idref="fl-4"/>
      </object_component>
      <object_component id="oc-5d">
         <name>.debug_abbrev</name>
         <load_address>0x347</load_address>
         <run_address>0x347</run_address>
         <size>0x1c</size>
         <input_file_ref idref="fl-4"/>
      </object_component>
      <object_component id="oc-61">
         <name>.debug_abbrev</name>
         <load_address>0x363</load_address>
         <run_address>0x363</run_address>
         <size>0x68</size>
         <input_file_ref idref="fl-2"/>
      </object_component>
      <object_component id="oc-64">
         <name>.debug_abbrev</name>
         <load_address>0x3cb</load_address>
         <run_address>0x3cb</run_address>
         <size>0x23</size>
         <input_file_ref idref="fl-2"/>
      </object_component>
      <object_component id="oc-6c">
         <name>.debug_abbrev</name>
         <load_address>0x3ee</load_address>
         <run_address>0x3ee</run_address>
         <size>0x86</size>
         <input_file_ref idref="fl-13c"/>
      </object_component>
      <object_component id="oc-72">
         <name>.debug_abbrev</name>
         <load_address>0x474</load_address>
         <run_address>0x474</run_address>
         <size>0x5f</size>
         <input_file_ref idref="fl-13b"/>
      </object_component>
      <object_component id="oc-74">
         <name>.debug_abbrev</name>
         <load_address>0x4d3</load_address>
         <run_address>0x4d3</run_address>
         <size>0x23</size>
         <input_file_ref idref="fl-13b"/>
      </object_component>
      <object_component id="oc-7c">
         <name>.debug_abbrev</name>
         <load_address>0x4f6</load_address>
         <run_address>0x4f6</run_address>
         <size>0xd5</size>
         <input_file_ref idref="fl-137"/>
      </object_component>
      <object_component id="oc-7e">
         <name>.debug_abbrev</name>
         <load_address>0x5cb</load_address>
         <run_address>0x5cb</run_address>
         <size>0x23</size>
         <input_file_ref idref="fl-134"/>
      </object_component>
      <object_component id="oc-82">
         <name>.debug_abbrev</name>
         <load_address>0x5ee</load_address>
         <run_address>0x5ee</run_address>
         <size>0x27</size>
         <input_file_ref idref="fl-139"/>
      </object_component>
      <object_component id="oc-85">
         <name>.debug_abbrev</name>
         <load_address>0x615</load_address>
         <run_address>0x615</run_address>
         <size>0x1a</size>
         <input_file_ref idref="fl-139"/>
      </object_component>
      <object_component id="oc-89">
         <name>.debug_abbrev</name>
         <load_address>0x62f</load_address>
         <run_address>0x62f</run_address>
         <size>0x40</size>
         <input_file_ref idref="fl-138"/>
      </object_component>
      <object_component id="oc-8b">
         <name>.debug_abbrev</name>
         <load_address>0x66f</load_address>
         <run_address>0x66f</run_address>
         <size>0x24</size>
         <input_file_ref idref="fl-134"/>
      </object_component>
      <object_component id="oc-91">
         <name>.debug_abbrev</name>
         <load_address>0x693</load_address>
         <run_address>0x693</run_address>
         <size>0x24</size>
         <input_file_ref idref="fl-135"/>
      </object_component>
      <object_component id="oc-96">
         <name>.debug_abbrev</name>
         <load_address>0x6b7</load_address>
         <run_address>0x6b7</run_address>
         <size>0x83</size>
         <input_file_ref idref="fl-135"/>
      </object_component>
      <object_component id="oc-98">
         <name>.debug_abbrev</name>
         <load_address>0x73a</load_address>
         <run_address>0x73a</run_address>
         <size>0x1c</size>
         <input_file_ref idref="fl-135"/>
      </object_component>
      <object_component id="oc-9c">
         <name>.debug_abbrev</name>
         <load_address>0x756</load_address>
         <run_address>0x756</run_address>
         <size>0x2c</size>
         <input_file_ref idref="fl-135"/>
      </object_component>
      <object_component id="oc-9e">
         <name>.debug_abbrev</name>
         <load_address>0x782</load_address>
         <run_address>0x782</run_address>
         <size>0x27</size>
         <input_file_ref idref="fl-4"/>
      </object_component>
      <object_component id="oc-a0">
         <name>.debug_abbrev</name>
         <load_address>0x7a9</load_address>
         <run_address>0x7a9</run_address>
         <size>0xa2</size>
         <input_file_ref idref="fl-13d"/>
      </object_component>
      <object_component id="oc-a7">
         <name>.debug_abbrev</name>
         <load_address>0x84b</load_address>
         <run_address>0x84b</run_address>
         <size>0xd3</size>
         <input_file_ref idref="fl-3"/>
      </object_component>
      <object_component id="oc-aa">
         <name>.debug_abbrev</name>
         <load_address>0x91e</load_address>
         <run_address>0x91e</run_address>
         <size>0x1c</size>
         <input_file_ref idref="fl-3"/>
      </object_component>
      <object_component id="oc-b2">
         <name>.debug_abbrev</name>
         <load_address>0x93a</load_address>
         <run_address>0x93a</run_address>
         <size>0x29</size>
         <input_file_ref idref="fl-13a"/>
      </object_component>
      <object_component id="oc-b5">
         <name>.debug_abbrev</name>
         <load_address>0x963</load_address>
         <run_address>0x963</run_address>
         <size>0x29</size>
         <input_file_ref idref="fl-137"/>
      </object_component>
      <object_component id="oc-b8">
         <name>.debug_abbrev</name>
         <load_address>0x98c</load_address>
         <run_address>0x98c</run_address>
         <size>0x4c</size>
         <input_file_ref idref="fl-134"/>
      </object_component>
      <object_component id="oc-ba">
         <name>.debug_abbrev</name>
         <load_address>0x9d8</load_address>
         <run_address>0x9d8</run_address>
         <size>0x2c</size>
         <input_file_ref idref="fl-136"/>
      </object_component>
      <object_component id="oc-bc">
         <name>.debug_abbrev</name>
         <load_address>0xa04</load_address>
         <run_address>0xa04</run_address>
         <size>0x85</size>
         <input_file_ref idref="fl-13d"/>
      </object_component>
      <object_component id="oc-bf">
         <name>.debug_abbrev</name>
         <load_address>0xa89</load_address>
         <run_address>0xa89</run_address>
         <size>0x4b</size>
         <input_file_ref idref="fl-13d"/>
      </object_component>
      <object_component id="oc-c3">
         <name>.debug_abbrev</name>
         <load_address>0xad4</load_address>
         <run_address>0xad4</run_address>
         <size>0x71</size>
         <input_file_ref idref="fl-9"/>
      </object_component>
      <object_component id="oc-c5">
         <name>.debug_abbrev</name>
         <load_address>0xb45</load_address>
         <run_address>0xb45</run_address>
         <size>0x1c</size>
         <input_file_ref idref="fl-9"/>
      </object_component>
      <object_component id="oc-c9">
         <name>.debug_abbrev</name>
         <load_address>0xb61</load_address>
         <run_address>0xb61</run_address>
         <size>0x44</size>
         <input_file_ref idref="fl-3"/>
      </object_component>
      <object_component id="oc-cb">
         <name>.debug_abbrev</name>
         <load_address>0xba5</load_address>
         <run_address>0xba5</run_address>
         <size>0x66</size>
         <input_file_ref idref="fl-13a"/>
      </object_component>
      <object_component id="oc-cc">
         <name>.debug_abbrev</name>
         <load_address>0xc0b</load_address>
         <run_address>0xc0b</run_address>
         <size>0x3e</size>
         <input_file_ref idref="fl-13a"/>
      </object_component>
      <object_component id="oc-ce">
         <name>.debug_abbrev</name>
         <load_address>0xc49</load_address>
         <run_address>0xc49</run_address>
         <size>0x64</size>
         <input_file_ref idref="fl-137"/>
      </object_component>
      <object_component id="oc-f0">
         <name>.debug_abbrev</name>
         <load_address>0xcad</load_address>
         <run_address>0xcad</run_address>
         <size>0xf</size>
      </object_component>
      <object_component id="oc-45">
         <name>.debug_str</name>
         <load_address>0x0</load_address>
         <run_address>0x0</run_address>
         <size>0xb3</size>
         <input_file_ref idref="fl-134"/>
      </object_component>
      <object_component id="oc-4b">
         <name>.debug_str</name>
         <load_address>0xb3</load_address>
         <run_address>0xb3</run_address>
         <size>0xad</size>
         <input_file_ref idref="fl-136"/>
      </object_component>
      <object_component id="oc-56">
         <name>.debug_str</name>
         <load_address>0x160</load_address>
         <run_address>0x160</run_address>
         <size>0xa7</size>
         <input_file_ref idref="fl-135"/>
      </object_component>
      <object_component id="oc-5f">
         <name>.debug_str</name>
         <load_address>0x207</load_address>
         <run_address>0x207</run_address>
         <size>0x12b</size>
         <input_file_ref idref="fl-4"/>
      </object_component>
      <object_component id="oc-66">
         <name>.debug_str</name>
         <load_address>0x332</load_address>
         <run_address>0x332</run_address>
         <size>0x10d</size>
         <input_file_ref idref="fl-2"/>
      </object_component>
      <object_component id="oc-76">
         <name>.debug_str</name>
         <load_address>0x43f</load_address>
         <run_address>0x43f</run_address>
         <size>0x10f</size>
         <input_file_ref idref="fl-13b"/>
      </object_component>
      <object_component id="oc-80">
         <name>.debug_str</name>
         <load_address>0x54e</load_address>
         <run_address>0x54e</run_address>
         <size>0x10f</size>
         <input_file_ref idref="fl-134"/>
      </object_component>
      <object_component id="oc-87">
         <name>.debug_str</name>
         <load_address>0x65d</load_address>
         <run_address>0x65d</run_address>
         <size>0x10a</size>
         <input_file_ref idref="fl-139"/>
      </object_component>
      <object_component id="oc-8d">
         <name>.debug_str</name>
         <load_address>0x767</load_address>
         <run_address>0x767</run_address>
         <size>0xae</size>
         <input_file_ref idref="fl-134"/>
      </object_component>
      <object_component id="oc-93">
         <name>.debug_str</name>
         <load_address>0x815</load_address>
         <run_address>0x815</run_address>
         <size>0x9c</size>
         <input_file_ref idref="fl-135"/>
      </object_component>
      <object_component id="oc-9a">
         <name>.debug_str</name>
         <load_address>0x8b1</load_address>
         <run_address>0x8b1</run_address>
         <size>0x10a</size>
         <input_file_ref idref="fl-135"/>
      </object_component>
      <object_component id="oc-ac">
         <name>.debug_str</name>
         <load_address>0x9bb</load_address>
         <run_address>0x9bb</run_address>
         <size>0x108</size>
         <input_file_ref idref="fl-3"/>
      </object_component>
      <object_component id="oc-c1">
         <name>.debug_str</name>
         <load_address>0xac3</load_address>
         <run_address>0xac3</run_address>
         <size>0xf3</size>
         <input_file_ref idref="fl-13d"/>
      </object_component>
      <object_component id="oc-c7">
         <name>.debug_str</name>
         <load_address>0xbb6</load_address>
         <run_address>0xbb6</run_address>
         <size>0x10a</size>
         <input_file_ref idref="fl-9"/>
      </object_component>
      <object_component id="oc-46">
         <name>.debug_pubtypes</name>
         <load_address>0x0</load_address>
         <run_address>0x0</run_address>
         <size>0x46</size>
         <input_file_ref idref="fl-134"/>
      </object_component>
      <object_component id="oc-4c">
         <name>.debug_pubtypes</name>
         <load_address>0x46</load_address>
         <run_address>0x46</run_address>
         <size>0x46</size>
         <input_file_ref idref="fl-136"/>
      </object_component>
      <object_component id="oc-57">
         <name>.debug_pubtypes</name>
         <load_address>0x8c</load_address>
         <run_address>0x8c</run_address>
         <size>0x37</size>
         <input_file_ref idref="fl-135"/>
      </object_component>
      <object_component id="oc-60">
         <name>.debug_pubtypes</name>
         <load_address>0xc3</load_address>
         <run_address>0xc3</run_address>
         <size>0xe4</size>
         <input_file_ref idref="fl-4"/>
      </object_component>
      <object_component id="oc-67">
         <name>.debug_pubtypes</name>
         <load_address>0x1a7</load_address>
         <run_address>0x1a7</run_address>
         <size>0xed</size>
         <input_file_ref idref="fl-2"/>
      </object_component>
      <object_component id="oc-77">
         <name>.debug_pubtypes</name>
         <load_address>0x294</load_address>
         <run_address>0x294</run_address>
         <size>0xff</size>
         <input_file_ref idref="fl-13b"/>
      </object_component>
      <object_component id="oc-81">
         <name>.debug_pubtypes</name>
         <load_address>0x393</load_address>
         <run_address>0x393</run_address>
         <size>0xed</size>
         <input_file_ref idref="fl-134"/>
      </object_component>
      <object_component id="oc-88">
         <name>.debug_pubtypes</name>
         <load_address>0x480</load_address>
         <run_address>0x480</run_address>
         <size>0xe4</size>
         <input_file_ref idref="fl-139"/>
      </object_component>
      <object_component id="oc-8e">
         <name>.debug_pubtypes</name>
         <load_address>0x564</load_address>
         <run_address>0x564</run_address>
         <size>0x37</size>
         <input_file_ref idref="fl-134"/>
      </object_component>
      <object_component id="oc-94">
         <name>.debug_pubtypes</name>
         <load_address>0x59b</load_address>
         <run_address>0x59b</run_address>
         <size>0x1d</size>
         <input_file_ref idref="fl-135"/>
      </object_component>
      <object_component id="oc-9b">
         <name>.debug_pubtypes</name>
         <load_address>0x5b8</load_address>
         <run_address>0x5b8</run_address>
         <size>0xe4</size>
         <input_file_ref idref="fl-135"/>
      </object_component>
      <object_component id="oc-ad">
         <name>.debug_pubtypes</name>
         <load_address>0x69c</load_address>
         <run_address>0x69c</run_address>
         <size>0xe4</size>
         <input_file_ref idref="fl-3"/>
      </object_component>
      <object_component id="oc-c2">
         <name>.debug_pubtypes</name>
         <load_address>0x780</load_address>
         <run_address>0x780</run_address>
         <size>0x50</size>
         <input_file_ref idref="fl-13d"/>
      </object_component>
      <object_component id="oc-c8">
         <name>.debug_pubtypes</name>
         <load_address>0x7d0</load_address>
         <run_address>0x7d0</run_address>
         <size>0xe4</size>
         <input_file_ref idref="fl-9"/>
      </object_component>
   </object_component_list>
   <logical_group_list>
      <logical_group id="lg-3">
         <name>.intvecs</name>
         <load_address>0x0</load_address>
         <run_address>0x0</run_address>
         <size>0xf0</size>
         <contents>
            <object_component_ref idref="oc-e"/>
         </contents>
      </logical_group>
      <logical_group id="lg-4">
         <name>.text</name>
         <load_address>0xf0</load_address>
         <run_address>0xf0</run_address>
         <size>0x64e</size>
         <contents>
            <object_component_ref idref="oc-6d"/>
            <object_component_ref idref="oc-26"/>
            <object_component_ref idref="oc-3d"/>
            <object_component_ref idref="oc-2e"/>
            <object_component_ref idref="oc-a2"/>
            <object_component_ref idref="oc-4d"/>
            <object_component_ref idref="oc-68"/>
            <object_component_ref idref="oc-36"/>
            <object_component_ref idref="oc-10"/>
            <object_component_ref idref="oc-32"/>
            <object_component_ref idref="oc-ae"/>
            <object_component_ref idref="oc-18"/>
            <object_component_ref idref="oc-14"/>
            <object_component_ref idref="oc-21"/>
            <object_component_ref idref="oc-1c"/>
         </contents>
      </logical_group>
      <logical_group id="lg-5">
         <name>.const</name>
         <run_address>0x0</run_address>
         <size>0x0</size>
         <contents>
         </contents>
      </logical_group>
      <logical_group id="lg-6">
         <name>.cinit</name>
         <load_address>0x740</load_address>
         <run_address>0x740</run_address>
         <size>0x38</size>
         <contents>
            <object_component_ref idref="oc-ec"/>
            <object_component_ref idref="oc-ea"/>
            <object_component_ref idref="oc-ed"/>
            <object_component_ref idref="oc-eb"/>
         </contents>
      </logical_group>
      <logical_group id="lg-7">
         <name>.pinit</name>
         <run_address>0x0</run_address>
         <size>0x0</size>
         <contents>
         </contents>
      </logical_group>
      <logical_group id="lg-8">
         <name>.init_array</name>
         <run_address>0x0</run_address>
         <size>0x0</size>
         <contents>
         </contents>
      </logical_group>
      <logical_group id="lg-9">
         <name>.vtable</name>
         <run_address>0x0</run_address>
         <size>0x0</size>
         <contents>
         </contents>
      </logical_group>
      <logical_group id="lg-a">
         <name>.data</name>
         <load_address>0x20000200</load_address>
         <run_address>0x20000200</run_address>
         <size>0x14</size>
         <contents>
            <object_component_ref idref="oc-3a"/>
            <object_component_ref idref="oc-78"/>
            <object_component_ref idref="oc-7a"/>
         </contents>
      </logical_group>
      <logical_group id="lg-b">
         <name>.bss</name>
         <run_address>0x20000214</run_address>
         <size>0x2</size>
         <contents>
            <object_component_ref idref="oc-59"/>
         </contents>
      </logical_group>
      <logical_group id="lg-c">
         <name>.sysmem</name>
         <run_address>0x0</run_address>
         <size>0x0</size>
         <contents>
         </contents>
      </logical_group>
      <logical_group id="lg-d">
         <name>.stack</name>
         <run_address>0x20000000</run_address>
         <size>0x200</size>
         <contents>
            <object_component_ref idref="oc-20"/>
            <object_component_ref idref="oc-ee"/>
         </contents>
      </logical_group>
      <logical_group id="lg-dc">
         <name>.debug_info</name>
         <load_address>0x0</load_address>
         <run_address>0x0</run_address>
         <size>0x2f2c</size>
         <contents>
            <object_component_ref idref="oc-f"/>
            <object_component_ref idref="oc-11"/>
            <object_component_ref idref="oc-15"/>
            <object_component_ref idref="oc-19"/>
            <object_component_ref idref="oc-1d"/>
            <object_component_ref idref="oc-22"/>
            <object_component_ref idref="oc-27"/>
            <object_component_ref idref="oc-2d"/>
            <object_component_ref idref="oc-2f"/>
            <object_component_ref idref="oc-33"/>
            <object_component_ref idref="oc-37"/>
            <object_component_ref idref="oc-3b"/>
            <object_component_ref idref="oc-3e"/>
            <object_component_ref idref="oc-42"/>
            <object_component_ref idref="oc-48"/>
            <object_component_ref idref="oc-4e"/>
            <object_component_ref idref="oc-52"/>
            <object_component_ref idref="oc-53"/>
            <object_component_ref idref="oc-5a"/>
            <object_component_ref idref="oc-5c"/>
            <object_component_ref idref="oc-63"/>
            <object_component_ref idref="oc-69"/>
            <object_component_ref idref="oc-6e"/>
            <object_component_ref idref="oc-73"/>
            <object_component_ref idref="oc-79"/>
            <object_component_ref idref="oc-7b"/>
            <object_component_ref idref="oc-7d"/>
            <object_component_ref idref="oc-84"/>
            <object_component_ref idref="oc-8a"/>
            <object_component_ref idref="oc-8f"/>
            <object_component_ref idref="oc-90"/>
            <object_component_ref idref="oc-95"/>
            <object_component_ref idref="oc-97"/>
            <object_component_ref idref="oc-a1"/>
            <object_component_ref idref="oc-a3"/>
            <object_component_ref idref="oc-a8"/>
            <object_component_ref idref="oc-a9"/>
            <object_component_ref idref="oc-af"/>
            <object_component_ref idref="oc-b4"/>
            <object_component_ref idref="oc-b7"/>
            <object_component_ref idref="oc-be"/>
            <object_component_ref idref="oc-c4"/>
            <object_component_ref idref="oc-ef"/>
         </contents>
      </logical_group>
      <logical_group id="lg-de">
         <name>.debug_line</name>
         <load_address>0x0</load_address>
         <run_address>0x0</run_address>
         <size>0xb59</size>
         <contents>
            <object_component_ref idref="oc-12"/>
            <object_component_ref idref="oc-16"/>
            <object_component_ref idref="oc-1a"/>
            <object_component_ref idref="oc-1e"/>
            <object_component_ref idref="oc-23"/>
            <object_component_ref idref="oc-28"/>
            <object_component_ref idref="oc-2c"/>
            <object_component_ref idref="oc-30"/>
            <object_component_ref idref="oc-34"/>
            <object_component_ref idref="oc-38"/>
            <object_component_ref idref="oc-3f"/>
            <object_component_ref idref="oc-44"/>
            <object_component_ref idref="oc-4a"/>
            <object_component_ref idref="oc-4f"/>
            <object_component_ref idref="oc-55"/>
            <object_component_ref idref="oc-5e"/>
            <object_component_ref idref="oc-62"/>
            <object_component_ref idref="oc-65"/>
            <object_component_ref idref="oc-6a"/>
            <object_component_ref idref="oc-6f"/>
            <object_component_ref idref="oc-75"/>
            <object_component_ref idref="oc-7f"/>
            <object_component_ref idref="oc-83"/>
            <object_component_ref idref="oc-86"/>
            <object_component_ref idref="oc-8c"/>
            <object_component_ref idref="oc-92"/>
            <object_component_ref idref="oc-99"/>
            <object_component_ref idref="oc-9d"/>
            <object_component_ref idref="oc-9f"/>
            <object_component_ref idref="oc-a4"/>
            <object_component_ref idref="oc-ab"/>
            <object_component_ref idref="oc-b0"/>
            <object_component_ref idref="oc-b3"/>
            <object_component_ref idref="oc-b6"/>
            <object_component_ref idref="oc-b9"/>
            <object_component_ref idref="oc-bb"/>
            <object_component_ref idref="oc-bd"/>
            <object_component_ref idref="oc-c0"/>
            <object_component_ref idref="oc-c6"/>
            <object_component_ref idref="oc-ca"/>
            <object_component_ref idref="oc-cd"/>
            <object_component_ref idref="oc-cf"/>
         </contents>
      </logical_group>
      <logical_group id="lg-e0">
         <name>.debug_aranges</name>
         <load_address>0x0</load_address>
         <run_address>0x0</run_address>
         <size>0x248</size>
         <contents>
            <object_component_ref idref="oc-13"/>
            <object_component_ref idref="oc-17"/>
            <object_component_ref idref="oc-1b"/>
            <object_component_ref idref="oc-1f"/>
            <object_component_ref idref="oc-25"/>
            <object_component_ref idref="oc-2a"/>
            <object_component_ref idref="oc-31"/>
            <object_component_ref idref="oc-35"/>
            <object_component_ref idref="oc-39"/>
            <object_component_ref idref="oc-40"/>
            <object_component_ref idref="oc-50"/>
            <object_component_ref idref="oc-6b"/>
            <object_component_ref idref="oc-71"/>
            <object_component_ref idref="oc-a6"/>
            <object_component_ref idref="oc-b1"/>
         </contents>
      </logical_group>
      <logical_group id="lg-e2">
         <name>.debug_frame</name>
         <load_address>0x0</load_address>
         <run_address>0x0</run_address>
         <size>0x1a0</size>
         <contents>
            <object_component_ref idref="oc-24"/>
            <object_component_ref idref="oc-29"/>
            <object_component_ref idref="oc-70"/>
            <object_component_ref idref="oc-a5"/>
         </contents>
      </logical_group>
      <logical_group id="lg-e4">
         <name>.debug_abbrev</name>
         <load_address>0x0</load_address>
         <run_address>0x0</run_address>
         <size>0xcbc</size>
         <contents>
            <object_component_ref idref="oc-2b"/>
            <object_component_ref idref="oc-3c"/>
            <object_component_ref idref="oc-41"/>
            <object_component_ref idref="oc-43"/>
            <object_component_ref idref="oc-47"/>
            <object_component_ref idref="oc-49"/>
            <object_component_ref idref="oc-51"/>
            <object_component_ref idref="oc-54"/>
            <object_component_ref idref="oc-58"/>
            <object_component_ref idref="oc-5b"/>
            <object_component_ref idref="oc-5d"/>
            <object_component_ref idref="oc-61"/>
            <object_component_ref idref="oc-64"/>
            <object_component_ref idref="oc-6c"/>
            <object_component_ref idref="oc-72"/>
            <object_component_ref idref="oc-74"/>
            <object_component_ref idref="oc-7c"/>
            <object_component_ref idref="oc-7e"/>
            <object_component_ref idref="oc-82"/>
            <object_component_ref idref="oc-85"/>
            <object_component_ref idref="oc-89"/>
            <object_component_ref idref="oc-8b"/>
            <object_component_ref idref="oc-91"/>
            <object_component_ref idref="oc-96"/>
            <object_component_ref idref="oc-98"/>
            <object_component_ref idref="oc-9c"/>
            <object_component_ref idref="oc-9e"/>
            <object_component_ref idref="oc-a0"/>
            <object_component_ref idref="oc-a7"/>
            <object_component_ref idref="oc-aa"/>
            <object_component_ref idref="oc-b2"/>
            <object_component_ref idref="oc-b5"/>
            <object_component_ref idref="oc-b8"/>
            <object_component_ref idref="oc-ba"/>
            <object_component_ref idref="oc-bc"/>
            <object_component_ref idref="oc-bf"/>
            <object_component_ref idref="oc-c3"/>
            <object_component_ref idref="oc-c5"/>
            <object_component_ref idref="oc-c9"/>
            <object_component_ref idref="oc-cb"/>
            <object_component_ref idref="oc-cc"/>
            <object_component_ref idref="oc-ce"/>
            <object_component_ref idref="oc-f0"/>
         </contents>
      </logical_group>
      <logical_group id="lg-e6">
         <name>.debug_str</name>
         <load_address>0x0</load_address>
         <run_address>0x0</run_address>
         <size>0xcc0</size>
         <contents>
            <object_component_ref idref="oc-45"/>
            <object_component_ref idref="oc-4b"/>
            <object_component_ref idref="oc-56"/>
            <object_component_ref idref="oc-5f"/>
            <object_component_ref idref="oc-66"/>
            <object_component_ref idref="oc-76"/>
            <object_component_ref idref="oc-80"/>
            <object_component_ref idref="oc-87"/>
            <object_component_ref idref="oc-8d"/>
            <object_component_ref idref="oc-93"/>
            <object_component_ref idref="oc-9a"/>
            <object_component_ref idref="oc-ac"/>
            <object_component_ref idref="oc-c1"/>
            <object_component_ref idref="oc-c7"/>
         </contents>
      </logical_group>
      <logical_group id="lg-e8">
         <name>.debug_pubtypes</name>
         <load_address>0x0</load_address>
         <run_address>0x0</run_address>
         <size>0x8b4</size>
         <contents>
            <object_component_ref idref="oc-46"/>
            <object_component_ref idref="oc-4c"/>
            <object_component_ref idref="oc-57"/>
            <object_component_ref idref="oc-60"/>
            <object_component_ref idref="oc-67"/>
            <object_component_ref idref="oc-77"/>
            <object_component_ref idref="oc-81"/>
            <object_component_ref idref="oc-88"/>
            <object_component_ref idref="oc-8e"/>
            <object_component_ref idref="oc-94"/>
            <object_component_ref idref="oc-9b"/>
            <object_component_ref idref="oc-ad"/>
            <object_component_ref idref="oc-c2"/>
            <object_component_ref idref="oc-c8"/>
         </contents>
      </logical_group>
      <load_segment id="lg-f4">
         <name>SEGMENT_0</name>
         <load_address>0x0</load_address>
         <run_address>0x0</run_address>
         <size>0x778</size>
         <flags>0x5</flags>
         <contents>
            <logical_group_ref idref="lg-3"/>
            <logical_group_ref idref="lg-4"/>
            <logical_group_ref idref="lg-6"/>
         </contents>
      </load_segment>
      <load_segment id="lg-f5">
         <name>SEGMENT_1</name>
         <run_address>0x20000000</run_address>
         <size>0x200</size>
         <flags>0x6</flags>
         <contents>
            <logical_group_ref idref="lg-d"/>
         </contents>
      </load_segment>
      <load_segment id="lg-f6">
         <name>SEGMENT_2</name>
         <load_address>0x20000200</load_address>
         <run_address>0x20000200</run_address>
         <size>0x16</size>
         <flags>0x6</flags>
         <contents>
            <logical_group_ref idref="lg-a"/>
            <logical_group_ref idref="lg-b"/>
         </contents>
      </load_segment>
   </logical_group_list>
   <placement_map>
      <memory_area>
         <name>FLASH</name>
         <page_id>0x0</page_id>
         <origin>0x0</origin>
         <length>0x40000</length>
         <used_space>0x776</used_space>
         <unused_space>0x3f88a</unused_space>
         <attributes>RX</attributes>
         <usage_details>
            <allocated_space>
               <start_address>0x0</start_address>
               <size>0xf0</size>
               <logical_group_ref idref="lg-3"/>
            </allocated_space>
            <allocated_space>
               <start_address>0xf0</start_address>
               <size>0x64e</size>
               <logical_group_ref idref="lg-4"/>
            </allocated_space>
            <available_space>
               <start_address>0x73e</start_address>
               <size>0x2</size>
            </available_space>
            <allocated_space>
               <start_address>0x740</start_address>
               <size>0x38</size>
               <logical_group_ref idref="lg-6"/>
            </allocated_space>
            <available_space>
               <start_address>0x778</start_address>
               <size>0x3f888</size>
            </available_space>
         </usage_details>
      </memory_area>
      <memory_area>
         <name>SRAM</name>
         <page_id>0x0</page_id>
         <origin>0x20000000</origin>
         <length>0x10000</length>
         <used_space>0x216</used_space>
         <unused_space>0xfdea</unused_space>
         <attributes>RWX</attributes>
         <usage_details>
            <allocated_space>
               <start_address>0x20000000</start_address>
               <size>0x200</size>
               <logical_group_ref idref="lg-d"/>
            </allocated_space>
            <allocated_space>
               <start_address>0x20000200</start_address>
               <size>0x14</size>
               <logical_group_ref idref="lg-a"/>
            </allocated_space>
            <allocated_space>
               <start_address>0x20000214</start_address>
               <size>0x2</size>
               <logical_group_ref idref="lg-b"/>
            </allocated_space>
            <available_space>
               <start_address>0x20000216</start_address>
               <size>0xfdea</size>
            </available_space>
         </usage_details>
      </memory_area>
   </placement_map>
   <cptbl_list>
      <cptbl>
         <name>__TI_cinit_table</name>
         <cprec>
            <name>.data</name>
            <load_address>0x740</load_address>
            <load_size>0xf</load_size>
            <run_address>0x20000200</run_address>
            <run_size>0x14</run_size>
            <compression>rle</compression>
         </cprec>
         <cprec>
            <name>.bss</name>
            <load_address>0x760</load_address>
            <load_size>0x8</load_size>
            <run_address>0x20000214</run_address>
            <run_size>0x2</run_size>
            <compression>zero_init</compression>
         </cprec>
      </cptbl>
   </cptbl_list>
   <handler_table>
      <handler_table_name>__TI_handler_table</handler_table_name>
      <handler>
         <index>0x0</index>
         <name>__TI_decompress_rle24</name>
      </handler>
      <handler>
         <index>0x1</index>
         <name>__TI_decompress_none</name>
      </handler>
      <handler>
         <index>0x2</index>
         <name>__TI_zero_init</name>
      </handler>
   </handler_table>
   <symbol_table>
      <symbol id="sm-1">
         <name>__STACK_TOP</name>
         <value>0x20000200</value>
      </symbol>
      <symbol id="sm-2">
         <name>__TI_CINIT_Base</name>
         <value>0x768</value>
      </symbol>
      <symbol id="sm-3">
         <name>__TI_CINIT_Limit</name>
         <value>0x778</value>
      </symbol>
      <symbol id="sm-4">
         <name>__TI_Handler_Table_Base</name>
         <value>0x750</value>
      </symbol>
      <symbol id="sm-5">
         <name>__TI_Handler_Table_Limit</name>
         <value>0x75c</value>
      </symbol>
      <symbol id="sm-6">
         <name>binit</name>
         <value>0xffffffff</value>
      </symbol>
      <symbol id="sm-7">
         <name>__binit__</name>
         <value>0xffffffff</value>
      </symbol>
      <symbol id="sm-8">
         <name>__STACK_SIZE</name>
         <value>0x200</value>
      </symbol>
      <symbol id="sm-9">
         <name>__STACK_END</name>
         <value>0x20000200</value>
      </symbol>
      <symbol id="sm-a">
         <name>__c_args__</name>
         <value>0xffffffff</value>
      </symbol>
      <symbol id="sm-41">
         <name>ResetISR</name>
         <value>0x72d</value>
         <object_component_ref idref="oc-21"/>
      </symbol>
      <symbol id="sm-42">
         <name>g_pfnVectors</name>
         <value>0x0</value>
         <object_component_ref idref="oc-e"/>
      </symbol>
      <symbol id="sm-88">
         <name>initSPI</name>
         <value>0xf1</value>
         <object_component_ref idref="oc-6d"/>
      </symbol>
      <symbol id="sm-89">
         <name>main</name>
         <value>0x1d5</value>
         <object_component_ref idref="oc-6d"/>
      </symbol>
      <symbol id="sm-8a">
         <name>myBitBangSPI</name>
         <value>0x159</value>
         <object_component_ref idref="oc-6d"/>
      </symbol>
      <symbol id="sm-c3">
         <name>bbStart</name>
         <value>0x31f</value>
         <object_component_ref idref="oc-26"/>
      </symbol>
      <symbol id="sm-c4">
         <name>bbStop</name>
         <value>0x32b</value>
         <object_component_ref idref="oc-26"/>
      </symbol>
      <symbol id="sm-c5">
         <name>bitBangSSI</name>
         <value>0x337</value>
         <object_component_ref idref="oc-26"/>
      </symbol>
      <symbol id="sm-c6">
         <name>initBBSPI</name>
         <value>0x295</value>
         <object_component_ref idref="oc-26"/>
      </symbol>
      <symbol id="sm-da">
         <name>mainOscInit</name>
         <value>0x549</value>
         <object_component_ref idref="oc-a2"/>
      </symbol>
      <symbol id="sm-e8">
         <name>_c_int00</name>
         <value>0x6ad</value>
         <object_component_ref idref="oc-10"/>
      </symbol>
      <symbol id="sm-e9">
         <name>__stack</name>
         <value>0x20000000</value>
         <object_component_ref idref="oc-20"/>
      </symbol>
      <symbol id="sm-103">
         <name>__TI_decompress_none</name>
         <value>0x71f</value>
         <object_component_ref idref="oc-14"/>
      </symbol>
      <symbol id="sm-12d">
         <name>__TI_decompress_rle24</name>
         <value>0x739</value>
         <object_component_ref idref="oc-1c"/>
      </symbol>
      <symbol id="sm-13f">
         <name>__TI_zero_init</name>
         <value>0x70d</value>
         <object_component_ref idref="oc-18"/>
      </symbol>
      <symbol id="sm-15a">
         <name>C$$EXIT</name>
         <value>0x66d</value>
         <object_component_ref idref="oc-36"/>
      </symbol>
      <symbol id="sm-15b">
         <name>_dtors_ptr</name>
         <value>0x2000020c</value>
         <object_component_ref idref="oc-7a"/>
      </symbol>
      <symbol id="sm-15c">
         <name>abort</name>
         <value>0x671</value>
         <object_component_ref idref="oc-36"/>
      </symbol>
      <symbol id="sm-15d">
         <name>_cleanup_ptr</name>
         <value>0x20000208</value>
         <object_component_ref idref="oc-7a"/>
      </symbol>
      <symbol id="sm-15e">
         <name>exit</name>
         <value>0x679</value>
         <object_component_ref idref="oc-36"/>
      </symbol>
      <symbol id="sm-173">
         <name>memcpy</name>
         <value>0x419</value>
         <object_component_ref idref="oc-3d"/>
      </symbol>
      <symbol id="sm-174">
         <name>__aeabi_memcpy</name>
         <value>0x419</value>
         <object_component_ref idref="oc-3d"/>
      </symbol>
      <symbol id="sm-175">
         <name>__aeabi_memcpy8</name>
         <value>0x419</value>
         <object_component_ref idref="oc-3d"/>
      </symbol>
      <symbol id="sm-176">
         <name>__aeabi_memcpy4</name>
         <value>0x419</value>
         <object_component_ref idref="oc-3d"/>
      </symbol>
      <symbol id="sm-182">
         <name>main_func_sp</name>
         <value>0x20000210</value>
         <object_component_ref idref="oc-3a"/>
      </symbol>
      <symbol id="sm-197">
         <name>_nop</name>
         <value>0x707</value>
         <object_component_ref idref="oc-ae"/>
      </symbol>
      <symbol id="sm-198">
         <name>_lock</name>
         <value>0x20000200</value>
         <object_component_ref idref="oc-78"/>
      </symbol>
      <symbol id="sm-199">
         <name>_unlock</name>
         <value>0x20000204</value>
         <object_component_ref idref="oc-78"/>
      </symbol>
      <symbol id="sm-19a">
         <name>_register_lock</name>
         <value>0x6ff</value>
         <object_component_ref idref="oc-ae"/>
      </symbol>
      <symbol id="sm-19b">
         <name>_register_unlock</name>
         <value>0x6f9</value>
         <object_component_ref idref="oc-ae"/>
      </symbol>
      <symbol id="sm-1aa">
         <name>_args_main</name>
         <value>0x6e1</value>
         <object_component_ref idref="oc-32"/>
      </symbol>
      <symbol id="sm-1c4">
         <name>__TI_auto_init</name>
         <value>0x4b5</value>
         <object_component_ref idref="oc-2e"/>
      </symbol>
      <symbol id="sm-1db">
         <name>copy_in</name>
         <value>0x629</value>
         <object_component_ref idref="oc-68"/>
      </symbol>
      <symbol id="sm-1dc">
         <name>__TI_static_base__</name>
         <value>0x0</value>
      </symbol>
      <symbol id="sm-1dd">
         <name>__TI_args_main</name>
         <value>0x1</value>
      </symbol>
      <symbol id="sm-1de">
         <name>SHT$$INIT_ARRAY$$Limit</name>
         <value>0x0</value>
      </symbol>
      <symbol id="sm-1df">
         <name>SHT$$INIT_ARRAY$$Base</name>
         <value>0x0</value>
      </symbol>
   </symbol_table>
</link_info>
