<?xml version="1.0"?>
<link_info>
   <banner>TI ARM Linker PC v5.0.4</banner>
   <copyright>Copyright (c) 1996-2013 Texas Instruments Incorporated</copyright>
   <link_time>0x5277ebc4</link_time>
   <output_file>lab07.out</output_file>
   <entry_point>
      <name>_c_int00</name>
      <address>0x51d</address>
   </entry_point>
   <input_file_list>
      <input_file id="fl-2">
         <path>.\</path>
         <kind>object</kind>
         <file>startup_ccs.obj</file>
         <name>startup_ccs.obj</name>
      </input_file>
      <input_file id="fl-3">
         <path>.\</path>
         <kind>object</kind>
         <file>soundOut.obj</file>
         <name>soundOut.obj</name>
      </input_file>
      <input_file id="fl-4">
         <path>.\</path>
         <kind>object</kind>
         <file>readdir.obj</file>
         <name>readdir.obj</name>
      </input_file>
      <input_file id="fl-5">
         <path>.\</path>
         <kind>object</kind>
         <file>main.obj</file>
         <name>main.obj</name>
      </input_file>
      <input_file id="fl-6">
         <path>..\</path>
         <kind>object</kind>
         <file>bbspi.obj</file>
         <name>bbspi.obj</name>
      </input_file>
      <input_file id="fl-133">
         <path>C:\StellarisWare\ccsv5\tools\compiler\arm_5.0.4\lib\</path>
         <kind>archive</kind>
         <file>rtsv7M3_T_le_eabi.lib</file>
         <name>boot.obj</name>
      </input_file>
      <input_file id="fl-134">
         <path>C:\StellarisWare\ccsv5\tools\compiler\arm_5.0.4\lib\</path>
         <kind>archive</kind>
         <file>rtsv7M3_T_le_eabi.lib</file>
         <name>copy_decompress_none.obj</name>
      </input_file>
      <input_file id="fl-135">
         <path>C:\StellarisWare\ccsv5\tools\compiler\arm_5.0.4\lib\</path>
         <kind>archive</kind>
         <file>rtsv7M3_T_le_eabi.lib</file>
         <name>copy_decompress_rle.obj</name>
      </input_file>
      <input_file id="fl-136">
         <path>C:\StellarisWare\ccsv5\tools\compiler\arm_5.0.4\lib\</path>
         <kind>archive</kind>
         <file>rtsv7M3_T_le_eabi.lib</file>
         <name>copy_zero_init.obj</name>
      </input_file>
      <input_file id="fl-137">
         <path>C:\StellarisWare\ccsv5\tools\compiler\arm_5.0.4\lib\</path>
         <kind>archive</kind>
         <file>rtsv7M3_T_le_eabi.lib</file>
         <name>exit.obj</name>
      </input_file>
      <input_file id="fl-138">
         <path>C:\StellarisWare\ccsv5\tools\compiler\arm_5.0.4\lib\</path>
         <kind>archive</kind>
         <file>rtsv7M3_T_le_eabi.lib</file>
         <name>memcpy_t2.obj</name>
      </input_file>
      <input_file id="fl-139">
         <path>C:\StellarisWare\ccsv5\tools\compiler\arm_5.0.4\lib\</path>
         <kind>archive</kind>
         <file>rtsv7M3_T_le_eabi.lib</file>
         <name>stkdepth_vars.obj</name>
      </input_file>
      <input_file id="fl-13a">
         <path>C:\StellarisWare\ccsv5\tools\compiler\arm_5.0.4\lib\</path>
         <kind>archive</kind>
         <file>rtsv7M3_T_le_eabi.lib</file>
         <name>strncmp.obj</name>
      </input_file>
      <input_file id="fl-13b">
         <path>C:\StellarisWare\ccsv5\tools\compiler\arm_5.0.4\lib\</path>
         <kind>archive</kind>
         <file>rtsv7M3_T_le_eabi.lib</file>
         <name>_lock.obj</name>
      </input_file>
      <input_file id="fl-13c">
         <path>C:\StellarisWare\ccsv5\tools\compiler\arm_5.0.4\lib\</path>
         <kind>archive</kind>
         <file>rtsv7M3_T_le_eabi.lib</file>
         <name>args_main.obj</name>
      </input_file>
      <input_file id="fl-13d">
         <path>C:\StellarisWare\ccsv5\tools\compiler\arm_5.0.4\lib\</path>
         <kind>archive</kind>
         <file>rtsv7M3_T_le_eabi.lib</file>
         <name>auto_init.obj</name>
      </input_file>
      <input_file id="fl-13e">
         <path>C:\StellarisWare\ccsv5\tools\compiler\arm_5.0.4\lib\</path>
         <kind>archive</kind>
         <file>rtsv7M3_T_le_eabi.lib</file>
         <name>cpy_tbl.obj</name>
      </input_file>
   </input_file_list>
   <object_component_list>
      <object_component id="oc-e">
         <name>.intvecs</name>
         <load_address>0x0</load_address>
         <run_address>0x0</run_address>
         <size>0xf0</size>
         <input_file_ref idref="fl-2"/>
      </object_component>
      <object_component id="oc-26">
         <name>.text</name>
         <load_address>0xf0</load_address>
         <run_address>0xf0</run_address>
         <size>0x184</size>
         <input_file_ref idref="fl-6"/>
      </object_component>
      <object_component id="oc-3d">
         <name>.text</name>
         <load_address>0x274</load_address>
         <run_address>0x274</run_address>
         <size>0x9c</size>
         <input_file_ref idref="fl-138"/>
      </object_component>
      <object_component id="oc-6d">
         <name>.text</name>
         <load_address>0x310</load_address>
         <run_address>0x310</run_address>
         <size>0x94</size>
         <input_file_ref idref="fl-5"/>
      </object_component>
      <object_component id="oc-2e">
         <name>.text</name>
         <load_address>0x3a4</load_address>
         <run_address>0x3a4</run_address>
         <size>0x94</size>
         <input_file_ref idref="fl-13d"/>
      </object_component>
      <object_component id="oc-4d">
         <name>.text</name>
         <load_address>0x438</load_address>
         <run_address>0x438</run_address>
         <size>0x5e</size>
         <input_file_ref idref="fl-135"/>
      </object_component>
      <object_component id="oc-68">
         <name>.text</name>
         <load_address>0x498</load_address>
         <run_address>0x498</run_address>
         <size>0x44</size>
         <input_file_ref idref="fl-13e"/>
      </object_component>
      <object_component id="oc-36">
         <name>.text</name>
         <load_address>0x4dc</load_address>
         <run_address>0x4dc</run_address>
         <size>0x40</size>
         <input_file_ref idref="fl-137"/>
      </object_component>
      <object_component id="oc-10">
         <name>.text</name>
         <load_address>0x51c</load_address>
         <run_address>0x51c</run_address>
         <size>0x34</size>
         <input_file_ref idref="fl-133"/>
      </object_component>
      <object_component id="oc-32">
         <name>.text</name>
         <load_address>0x550</load_address>
         <run_address>0x550</run_address>
         <size>0x18</size>
         <input_file_ref idref="fl-13c"/>
      </object_component>
      <object_component id="oc-ad">
         <name>.text</name>
         <load_address>0x568</load_address>
         <run_address>0x568</run_address>
         <size>0x14</size>
         <input_file_ref idref="fl-13b"/>
      </object_component>
      <object_component id="oc-18">
         <name>.text:decompress:ZI</name>
         <load_address>0x57c</load_address>
         <run_address>0x57c</run_address>
         <size>0x12</size>
         <input_file_ref idref="fl-136"/>
      </object_component>
      <object_component id="oc-14">
         <name>.text:decompress:none</name>
         <load_address>0x58e</load_address>
         <run_address>0x58e</run_address>
         <size>0xe</size>
         <input_file_ref idref="fl-134"/>
      </object_component>
      <object_component id="oc-21">
         <name>.text</name>
         <load_address>0x59c</load_address>
         <run_address>0x59c</run_address>
         <size>0xc</size>
         <input_file_ref idref="fl-2"/>
      </object_component>
      <object_component id="oc-1c">
         <name>.text:decompress:rle24</name>
         <load_address>0x5a8</load_address>
         <run_address>0x5a8</run_address>
         <size>0x6</size>
         <input_file_ref idref="fl-135"/>
      </object_component>
      <object_component id="oc-e6">
         <name>__TI_handler_table</name>
         <load_address>0x5b0</load_address>
         <run_address>0x5b0</run_address>
         <size>0xc</size>
      </object_component>
      <object_component id="oc-e8">
         <name>.cinit..data.load</name>
         <load_address>0x5c0</load_address>
         <run_address>0x5c0</run_address>
         <size>0x9</size>
      </object_component>
      <object_component id="oc-e9">
         <name>.cinit..bss.load</name>
         <load_address>0x5d0</load_address>
         <run_address>0x5d0</run_address>
         <size>0x8</size>
      </object_component>
      <object_component id="oc-e7">
         <name>__TI_cinit_table</name>
         <load_address>0x5d8</load_address>
         <run_address>0x5d8</run_address>
         <size>0x10</size>
      </object_component>
      <object_component id="oc-3a">
         <name>.data</name>
         <load_address>0x20001010</load_address>
         <run_address>0x20001010</run_address>
         <size>0x4</size>
         <input_file_ref idref="fl-139"/>
      </object_component>
      <object_component id="oc-78">
         <name>.data</name>
         <load_address>0x20001000</load_address>
         <run_address>0x20001000</run_address>
         <size>0x8</size>
         <input_file_ref idref="fl-13b"/>
      </object_component>
      <object_component id="oc-7a">
         <name>.data</name>
         <load_address>0x20001008</load_address>
         <run_address>0x20001008</run_address>
         <size>0x8</size>
         <input_file_ref idref="fl-137"/>
      </object_component>
      <object_component id="oc-59">
         <name>.bss</name>
         <uninitialized>true</uninitialized>
         <run_address>0x20001014</run_address>
         <size>0x2</size>
         <input_file_ref idref="fl-6"/>
      </object_component>
      <object_component id="oc-20">
         <name>.stack</name>
         <uninitialized>true</uninitialized>
         <run_address>0x20000000</run_address>
         <size>0x0</size>
         <input_file_ref idref="fl-133"/>
      </object_component>
      <object_component id="oc-ea">
         <name>.stack</name>
         <uninitialized>true</uninitialized>
         <run_address>0x20000000</run_address>
         <size>0x0</size>
      </object_component>
      <object_component id="oc-f">
         <name>.debug_info</name>
         <load_address>0x0</load_address>
         <run_address>0x0</run_address>
         <size>0xbe</size>
         <input_file_ref idref="fl-2"/>
      </object_component>
      <object_component id="oc-11">
         <name>.debug_info</name>
         <load_address>0xbe</load_address>
         <run_address>0xbe</run_address>
         <size>0xf4</size>
         <input_file_ref idref="fl-133"/>
      </object_component>
      <object_component id="oc-15">
         <name>.debug_info</name>
         <load_address>0x1b2</load_address>
         <run_address>0x1b2</run_address>
         <size>0x159</size>
         <input_file_ref idref="fl-134"/>
      </object_component>
      <object_component id="oc-19">
         <name>.debug_info</name>
         <load_address>0x30b</load_address>
         <run_address>0x30b</run_address>
         <size>0x193</size>
         <input_file_ref idref="fl-136"/>
      </object_component>
      <object_component id="oc-1d">
         <name>.debug_info</name>
         <load_address>0x49e</load_address>
         <run_address>0x49e</run_address>
         <size>0x16a</size>
         <input_file_ref idref="fl-135"/>
      </object_component>
      <object_component id="oc-22">
         <name>.debug_info</name>
         <load_address>0x608</load_address>
         <run_address>0x608</run_address>
         <size>0x31c</size>
         <input_file_ref idref="fl-2"/>
      </object_component>
      <object_component id="oc-27">
         <name>.debug_info</name>
         <load_address>0x924</load_address>
         <run_address>0x924</run_address>
         <size>0x267</size>
         <input_file_ref idref="fl-6"/>
      </object_component>
      <object_component id="oc-2d">
         <name>.debug_info</name>
         <load_address>0xb8b</load_address>
         <run_address>0xb8b</run_address>
         <size>0xee</size>
         <input_file_ref idref="fl-2"/>
      </object_component>
      <object_component id="oc-2f">
         <name>.debug_info</name>
         <load_address>0xc79</load_address>
         <run_address>0xc79</run_address>
         <size>0x13f</size>
         <input_file_ref idref="fl-13d"/>
      </object_component>
      <object_component id="oc-33">
         <name>.debug_info</name>
         <load_address>0xdb8</load_address>
         <run_address>0xdb8</run_address>
         <size>0xfe</size>
         <input_file_ref idref="fl-13c"/>
      </object_component>
      <object_component id="oc-37">
         <name>.debug_info</name>
         <load_address>0xeb6</load_address>
         <run_address>0xeb6</run_address>
         <size>0x205</size>
         <input_file_ref idref="fl-137"/>
      </object_component>
      <object_component id="oc-3b">
         <name>.debug_info</name>
         <load_address>0x10bb</load_address>
         <run_address>0x10bb</run_address>
         <size>0xbe</size>
         <input_file_ref idref="fl-139"/>
      </object_component>
      <object_component id="oc-3e">
         <name>.debug_info</name>
         <load_address>0x1179</load_address>
         <run_address>0x1179</run_address>
         <size>0xcd</size>
         <input_file_ref idref="fl-138"/>
      </object_component>
      <object_component id="oc-42">
         <name>.debug_info</name>
         <load_address>0x1246</load_address>
         <run_address>0x1246</run_address>
         <size>0x46</size>
         <input_file_ref idref="fl-134"/>
      </object_component>
      <object_component id="oc-48">
         <name>.debug_info</name>
         <load_address>0x128c</load_address>
         <run_address>0x128c</run_address>
         <size>0x46</size>
         <input_file_ref idref="fl-136"/>
      </object_component>
      <object_component id="oc-4e">
         <name>.debug_info</name>
         <load_address>0x12d2</load_address>
         <run_address>0x12d2</run_address>
         <size>0x318</size>
         <input_file_ref idref="fl-135"/>
      </object_component>
      <object_component id="oc-52">
         <name>.debug_info</name>
         <load_address>0x15ea</load_address>
         <run_address>0x15ea</run_address>
         <size>0xb2</size>
         <input_file_ref idref="fl-135"/>
      </object_component>
      <object_component id="oc-53">
         <name>.debug_info</name>
         <load_address>0x169c</load_address>
         <run_address>0x169c</run_address>
         <size>0x39</size>
         <input_file_ref idref="fl-135"/>
      </object_component>
      <object_component id="oc-5a">
         <name>.debug_info</name>
         <load_address>0x16d5</load_address>
         <run_address>0x16d5</run_address>
         <size>0xc4</size>
         <input_file_ref idref="fl-6"/>
      </object_component>
      <object_component id="oc-5c">
         <name>.debug_info</name>
         <load_address>0x1799</load_address>
         <run_address>0x1799</run_address>
         <size>0x84</size>
         <input_file_ref idref="fl-6"/>
      </object_component>
      <object_component id="oc-63">
         <name>.debug_info</name>
         <load_address>0x181d</load_address>
         <run_address>0x181d</run_address>
         <size>0x89</size>
         <input_file_ref idref="fl-2"/>
      </object_component>
      <object_component id="oc-69">
         <name>.debug_info</name>
         <load_address>0x18a6</load_address>
         <run_address>0x18a6</run_address>
         <size>0x191</size>
         <input_file_ref idref="fl-13e"/>
      </object_component>
      <object_component id="oc-6e">
         <name>.debug_info</name>
         <load_address>0x1a37</load_address>
         <run_address>0x1a37</run_address>
         <size>0x255</size>
         <input_file_ref idref="fl-5"/>
      </object_component>
      <object_component id="oc-73">
         <name>.debug_info</name>
         <load_address>0x1c8c</load_address>
         <run_address>0x1c8c</run_address>
         <size>0x90</size>
         <input_file_ref idref="fl-13c"/>
      </object_component>
      <object_component id="oc-79">
         <name>.debug_info</name>
         <load_address>0x1d1c</load_address>
         <run_address>0x1d1c</run_address>
         <size>0xc8</size>
         <input_file_ref idref="fl-13b"/>
      </object_component>
      <object_component id="oc-7b">
         <name>.debug_info</name>
         <load_address>0x1de4</load_address>
         <run_address>0x1de4</run_address>
         <size>0xdb</size>
         <input_file_ref idref="fl-137"/>
      </object_component>
      <object_component id="oc-7d">
         <name>.debug_info</name>
         <load_address>0x1ebf</load_address>
         <run_address>0x1ebf</run_address>
         <size>0x89</size>
         <input_file_ref idref="fl-134"/>
      </object_component>
      <object_component id="oc-84">
         <name>.debug_info</name>
         <load_address>0x1f48</load_address>
         <run_address>0x1f48</run_address>
         <size>0x83</size>
         <input_file_ref idref="fl-139"/>
      </object_component>
      <object_component id="oc-8a">
         <name>.debug_info</name>
         <load_address>0x1fcb</load_address>
         <run_address>0x1fcb</run_address>
         <size>0x46</size>
         <input_file_ref idref="fl-134"/>
      </object_component>
      <object_component id="oc-8f">
         <name>.debug_info</name>
         <load_address>0x2011</load_address>
         <run_address>0x2011</run_address>
         <size>0xe8</size>
         <input_file_ref idref="fl-134"/>
      </object_component>
      <object_component id="oc-90">
         <name>.debug_info</name>
         <load_address>0x20f9</load_address>
         <run_address>0x20f9</run_address>
         <size>0x2c</size>
         <input_file_ref idref="fl-135"/>
      </object_component>
      <object_component id="oc-95">
         <name>.debug_info</name>
         <load_address>0x2125</load_address>
         <run_address>0x2125</run_address>
         <size>0xa8</size>
         <input_file_ref idref="fl-136"/>
      </object_component>
      <object_component id="oc-97">
         <name>.debug_info</name>
         <load_address>0x21cd</load_address>
         <run_address>0x21cd</run_address>
         <size>0x84</size>
         <input_file_ref idref="fl-135"/>
      </object_component>
      <object_component id="oc-a1">
         <name>.debug_info</name>
         <load_address>0x2251</load_address>
         <run_address>0x2251</run_address>
         <size>0x143</size>
         <input_file_ref idref="fl-13e"/>
      </object_component>
      <object_component id="oc-a3">
         <name>.debug_info</name>
         <load_address>0x2394</load_address>
         <run_address>0x2394</run_address>
         <size>0x84</size>
         <input_file_ref idref="fl-5"/>
      </object_component>
      <object_component id="oc-a8">
         <name>.debug_info</name>
         <load_address>0x2418</load_address>
         <run_address>0x2418</run_address>
         <size>0x18b</size>
         <input_file_ref idref="fl-3"/>
      </object_component>
      <object_component id="oc-ae">
         <name>.debug_info</name>
         <load_address>0x25a3</load_address>
         <run_address>0x25a3</run_address>
         <size>0x1ba</size>
         <input_file_ref idref="fl-13b"/>
      </object_component>
      <object_component id="oc-b3">
         <name>.debug_info</name>
         <load_address>0x275d</load_address>
         <run_address>0x275d</run_address>
         <size>0xd4</size>
         <input_file_ref idref="fl-13b"/>
      </object_component>
      <object_component id="oc-b6">
         <name>.debug_info</name>
         <load_address>0x2831</load_address>
         <run_address>0x2831</run_address>
         <size>0x131</size>
         <input_file_ref idref="fl-137"/>
      </object_component>
      <object_component id="oc-bd">
         <name>.debug_info</name>
         <load_address>0x2962</load_address>
         <run_address>0x2962</run_address>
         <size>0xcd</size>
         <input_file_ref idref="fl-13e"/>
      </object_component>
      <object_component id="oc-c2">
         <name>.debug_info</name>
         <load_address>0x2a2f</load_address>
         <run_address>0x2a2f</run_address>
         <size>0x90</size>
         <input_file_ref idref="fl-3"/>
      </object_component>
      <object_component id="oc-eb">
         <name>.debug_info</name>
         <load_address>0x2abf</load_address>
         <run_address>0x2abf</run_address>
         <size>0x85</size>
      </object_component>
      <object_component id="oc-12">
         <name>.debug_line</name>
         <load_address>0x0</load_address>
         <run_address>0x0</run_address>
         <size>0x49</size>
         <input_file_ref idref="fl-133"/>
      </object_component>
      <object_component id="oc-16">
         <name>.debug_line</name>
         <load_address>0x49</load_address>
         <run_address>0x49</run_address>
         <size>0x4d</size>
         <input_file_ref idref="fl-134"/>
      </object_component>
      <object_component id="oc-1a">
         <name>.debug_line</name>
         <load_address>0x96</load_address>
         <run_address>0x96</run_address>
         <size>0x4c</size>
         <input_file_ref idref="fl-136"/>
      </object_component>
      <object_component id="oc-1e">
         <name>.debug_line</name>
         <load_address>0xe2</load_address>
         <run_address>0xe2</run_address>
         <size>0x4c</size>
         <input_file_ref idref="fl-135"/>
      </object_component>
      <object_component id="oc-23">
         <name>.debug_line</name>
         <load_address>0x12e</load_address>
         <run_address>0x12e</run_address>
         <size>0x94</size>
         <input_file_ref idref="fl-2"/>
      </object_component>
      <object_component id="oc-28">
         <name>.debug_line</name>
         <load_address>0x1c2</load_address>
         <run_address>0x1c2</run_address>
         <size>0xb4</size>
         <input_file_ref idref="fl-6"/>
      </object_component>
      <object_component id="oc-2c">
         <name>.debug_line</name>
         <load_address>0x276</load_address>
         <run_address>0x276</run_address>
         <size>0x34</size>
         <input_file_ref idref="fl-2"/>
      </object_component>
      <object_component id="oc-30">
         <name>.debug_line</name>
         <load_address>0x2aa</load_address>
         <run_address>0x2aa</run_address>
         <size>0x87</size>
         <input_file_ref idref="fl-13d"/>
      </object_component>
      <object_component id="oc-34">
         <name>.debug_line</name>
         <load_address>0x331</load_address>
         <run_address>0x331</run_address>
         <size>0x42</size>
         <input_file_ref idref="fl-13c"/>
      </object_component>
      <object_component id="oc-38">
         <name>.debug_line</name>
         <load_address>0x373</load_address>
         <run_address>0x373</run_address>
         <size>0x71</size>
         <input_file_ref idref="fl-137"/>
      </object_component>
      <object_component id="oc-3f">
         <name>.debug_line</name>
         <load_address>0x3e4</load_address>
         <run_address>0x3e4</run_address>
         <size>0x88</size>
         <input_file_ref idref="fl-138"/>
      </object_component>
      <object_component id="oc-44">
         <name>.debug_line</name>
         <load_address>0x46c</load_address>
         <run_address>0x46c</run_address>
         <size>0x3a</size>
         <input_file_ref idref="fl-134"/>
      </object_component>
      <object_component id="oc-4a">
         <name>.debug_line</name>
         <load_address>0x4a6</load_address>
         <run_address>0x4a6</run_address>
         <size>0x34</size>
         <input_file_ref idref="fl-136"/>
      </object_component>
      <object_component id="oc-4f">
         <name>.debug_line</name>
         <load_address>0x4da</load_address>
         <run_address>0x4da</run_address>
         <size>0x58</size>
         <input_file_ref idref="fl-135"/>
      </object_component>
      <object_component id="oc-55">
         <name>.debug_line</name>
         <load_address>0x532</load_address>
         <run_address>0x532</run_address>
         <size>0x39</size>
         <input_file_ref idref="fl-135"/>
      </object_component>
      <object_component id="oc-5e">
         <name>.debug_line</name>
         <load_address>0x56b</load_address>
         <run_address>0x56b</run_address>
         <size>0x20</size>
         <input_file_ref idref="fl-6"/>
      </object_component>
      <object_component id="oc-62">
         <name>.debug_line</name>
         <load_address>0x58b</load_address>
         <run_address>0x58b</run_address>
         <size>0x34</size>
         <input_file_ref idref="fl-2"/>
      </object_component>
      <object_component id="oc-65">
         <name>.debug_line</name>
         <load_address>0x5bf</load_address>
         <run_address>0x5bf</run_address>
         <size>0x20</size>
         <input_file_ref idref="fl-2"/>
      </object_component>
      <object_component id="oc-6a">
         <name>.debug_line</name>
         <load_address>0x5df</load_address>
         <run_address>0x5df</run_address>
         <size>0x43</size>
         <input_file_ref idref="fl-13e"/>
      </object_component>
      <object_component id="oc-6f">
         <name>.debug_line</name>
         <load_address>0x622</load_address>
         <run_address>0x622</run_address>
         <size>0x8b</size>
         <input_file_ref idref="fl-5"/>
      </object_component>
      <object_component id="oc-75">
         <name>.debug_line</name>
         <load_address>0x6ad</load_address>
         <run_address>0x6ad</run_address>
         <size>0x20</size>
         <input_file_ref idref="fl-13c"/>
      </object_component>
      <object_component id="oc-7f">
         <name>.debug_line</name>
         <load_address>0x6cd</load_address>
         <run_address>0x6cd</run_address>
         <size>0x20</size>
         <input_file_ref idref="fl-134"/>
      </object_component>
      <object_component id="oc-83">
         <name>.debug_line</name>
         <load_address>0x6ed</load_address>
         <run_address>0x6ed</run_address>
         <size>0x33</size>
         <input_file_ref idref="fl-139"/>
      </object_component>
      <object_component id="oc-86">
         <name>.debug_line</name>
         <load_address>0x720</load_address>
         <run_address>0x720</run_address>
         <size>0x20</size>
         <input_file_ref idref="fl-139"/>
      </object_component>
      <object_component id="oc-8c">
         <name>.debug_line</name>
         <load_address>0x740</load_address>
         <run_address>0x740</run_address>
         <size>0x44</size>
         <input_file_ref idref="fl-134"/>
      </object_component>
      <object_component id="oc-92">
         <name>.debug_line</name>
         <load_address>0x784</load_address>
         <run_address>0x784</run_address>
         <size>0x44</size>
         <input_file_ref idref="fl-135"/>
      </object_component>
      <object_component id="oc-99">
         <name>.debug_line</name>
         <load_address>0x7c8</load_address>
         <run_address>0x7c8</run_address>
         <size>0x20</size>
         <input_file_ref idref="fl-135"/>
      </object_component>
      <object_component id="oc-9d">
         <name>.debug_line</name>
         <load_address>0x7e8</load_address>
         <run_address>0x7e8</run_address>
         <size>0x20</size>
         <input_file_ref idref="fl-135"/>
      </object_component>
      <object_component id="oc-9f">
         <name>.debug_line</name>
         <load_address>0x808</load_address>
         <run_address>0x808</run_address>
         <size>0x2e</size>
         <input_file_ref idref="fl-6"/>
      </object_component>
      <object_component id="oc-a5">
         <name>.debug_line</name>
         <load_address>0x836</load_address>
         <run_address>0x836</run_address>
         <size>0x20</size>
         <input_file_ref idref="fl-5"/>
      </object_component>
      <object_component id="oc-aa">
         <name>.debug_line</name>
         <load_address>0x856</load_address>
         <run_address>0x856</run_address>
         <size>0x64</size>
         <input_file_ref idref="fl-3"/>
      </object_component>
      <object_component id="oc-af">
         <name>.debug_line</name>
         <load_address>0x8ba</load_address>
         <run_address>0x8ba</run_address>
         <size>0x60</size>
         <input_file_ref idref="fl-13b"/>
      </object_component>
      <object_component id="oc-b2">
         <name>.debug_line</name>
         <load_address>0x91a</load_address>
         <run_address>0x91a</run_address>
         <size>0x2b</size>
         <input_file_ref idref="fl-13b"/>
      </object_component>
      <object_component id="oc-b5">
         <name>.debug_line</name>
         <load_address>0x945</load_address>
         <run_address>0x945</run_address>
         <size>0x2a</size>
         <input_file_ref idref="fl-137"/>
      </object_component>
      <object_component id="oc-b8">
         <name>.debug_line</name>
         <load_address>0x96f</load_address>
         <run_address>0x96f</run_address>
         <size>0x20</size>
         <input_file_ref idref="fl-134"/>
      </object_component>
      <object_component id="oc-ba">
         <name>.debug_line</name>
         <load_address>0x98f</load_address>
         <run_address>0x98f</run_address>
         <size>0x20</size>
         <input_file_ref idref="fl-136"/>
      </object_component>
      <object_component id="oc-bc">
         <name>.debug_line</name>
         <load_address>0x9af</load_address>
         <run_address>0x9af</run_address>
         <size>0x51</size>
         <input_file_ref idref="fl-13e"/>
      </object_component>
      <object_component id="oc-bf">
         <name>.debug_line</name>
         <load_address>0xa00</load_address>
         <run_address>0xa00</run_address>
         <size>0x45</size>
         <input_file_ref idref="fl-13e"/>
      </object_component>
      <object_component id="oc-c4">
         <name>.debug_line</name>
         <load_address>0xa45</load_address>
         <run_address>0xa45</run_address>
         <size>0x20</size>
         <input_file_ref idref="fl-3"/>
      </object_component>
      <object_component id="oc-c9">
         <name>.debug_line</name>
         <load_address>0xa65</load_address>
         <run_address>0xa65</run_address>
         <size>0x20</size>
         <input_file_ref idref="fl-13b"/>
      </object_component>
      <object_component id="oc-cb">
         <name>.debug_line</name>
         <load_address>0xa85</load_address>
         <run_address>0xa85</run_address>
         <size>0x43</size>
         <input_file_ref idref="fl-137"/>
      </object_component>
      <object_component id="oc-13">
         <name>.debug_aranges</name>
         <load_address>0x0</load_address>
         <run_address>0x0</run_address>
         <size>0x20</size>
         <input_file_ref idref="fl-133"/>
      </object_component>
      <object_component id="oc-17">
         <name>.debug_aranges</name>
         <load_address>0x20</load_address>
         <run_address>0x20</run_address>
         <size>0x20</size>
         <input_file_ref idref="fl-134"/>
      </object_component>
      <object_component id="oc-1b">
         <name>.debug_aranges</name>
         <load_address>0x40</load_address>
         <run_address>0x40</run_address>
         <size>0x20</size>
         <input_file_ref idref="fl-136"/>
      </object_component>
      <object_component id="oc-1f">
         <name>.debug_aranges</name>
         <load_address>0x60</load_address>
         <run_address>0x60</run_address>
         <size>0x20</size>
         <input_file_ref idref="fl-135"/>
      </object_component>
      <object_component id="oc-25">
         <name>.debug_aranges</name>
         <load_address>0x80</load_address>
         <run_address>0x80</run_address>
         <size>0x38</size>
         <input_file_ref idref="fl-2"/>
      </object_component>
      <object_component id="oc-2a">
         <name>.debug_aranges</name>
         <load_address>0xb8</load_address>
         <run_address>0xb8</run_address>
         <size>0x38</size>
         <input_file_ref idref="fl-6"/>
      </object_component>
      <object_component id="oc-31">
         <name>.debug_aranges</name>
         <load_address>0xf0</load_address>
         <run_address>0xf0</run_address>
         <size>0x28</size>
         <input_file_ref idref="fl-13d"/>
      </object_component>
      <object_component id="oc-35">
         <name>.debug_aranges</name>
         <load_address>0x118</load_address>
         <run_address>0x118</run_address>
         <size>0x20</size>
         <input_file_ref idref="fl-13c"/>
      </object_component>
      <object_component id="oc-39">
         <name>.debug_aranges</name>
         <load_address>0x138</load_address>
         <run_address>0x138</run_address>
         <size>0x30</size>
         <input_file_ref idref="fl-137"/>
      </object_component>
      <object_component id="oc-40">
         <name>.debug_aranges</name>
         <load_address>0x168</load_address>
         <run_address>0x168</run_address>
         <size>0x20</size>
         <input_file_ref idref="fl-138"/>
      </object_component>
      <object_component id="oc-50">
         <name>.debug_aranges</name>
         <load_address>0x188</load_address>
         <run_address>0x188</run_address>
         <size>0x20</size>
         <input_file_ref idref="fl-135"/>
      </object_component>
      <object_component id="oc-6b">
         <name>.debug_aranges</name>
         <load_address>0x1a8</load_address>
         <run_address>0x1a8</run_address>
         <size>0x20</size>
         <input_file_ref idref="fl-13e"/>
      </object_component>
      <object_component id="oc-71">
         <name>.debug_aranges</name>
         <load_address>0x1c8</load_address>
         <run_address>0x1c8</run_address>
         <size>0x28</size>
         <input_file_ref idref="fl-5"/>
      </object_component>
      <object_component id="oc-b0">
         <name>.debug_aranges</name>
         <load_address>0x1f0</load_address>
         <run_address>0x1f0</run_address>
         <size>0x30</size>
         <input_file_ref idref="fl-13b"/>
      </object_component>
      <object_component id="oc-24">
         <name>.debug_frame</name>
         <load_address>0x0</load_address>
         <run_address>0x0</run_address>
         <size>0x72</size>
         <input_file_ref idref="fl-2"/>
      </object_component>
      <object_component id="oc-29">
         <name>.debug_frame</name>
         <load_address>0x72</load_address>
         <run_address>0x72</run_address>
         <size>0x7a</size>
         <input_file_ref idref="fl-6"/>
      </object_component>
      <object_component id="oc-70">
         <name>.debug_frame</name>
         <load_address>0xec</load_address>
         <run_address>0xec</run_address>
         <size>0x57</size>
         <input_file_ref idref="fl-5"/>
      </object_component>
      <object_component id="oc-2b">
         <name>.debug_abbrev</name>
         <load_address>0x0</load_address>
         <run_address>0x0</run_address>
         <size>0x29</size>
         <input_file_ref idref="fl-2"/>
      </object_component>
      <object_component id="oc-3c">
         <name>.debug_abbrev</name>
         <load_address>0x29</load_address>
         <run_address>0x29</run_address>
         <size>0x40</size>
         <input_file_ref idref="fl-133"/>
      </object_component>
      <object_component id="oc-41">
         <name>.debug_abbrev</name>
         <load_address>0x69</load_address>
         <run_address>0x69</run_address>
         <size>0x6b</size>
         <input_file_ref idref="fl-134"/>
      </object_component>
      <object_component id="oc-43">
         <name>.debug_abbrev</name>
         <load_address>0xd4</load_address>
         <run_address>0xd4</run_address>
         <size>0x24</size>
         <input_file_ref idref="fl-134"/>
      </object_component>
      <object_component id="oc-47">
         <name>.debug_abbrev</name>
         <load_address>0xf8</load_address>
         <run_address>0xf8</run_address>
         <size>0x85</size>
         <input_file_ref idref="fl-136"/>
      </object_component>
      <object_component id="oc-49">
         <name>.debug_abbrev</name>
         <load_address>0x17d</load_address>
         <run_address>0x17d</run_address>
         <size>0x24</size>
         <input_file_ref idref="fl-136"/>
      </object_component>
      <object_component id="oc-51">
         <name>.debug_abbrev</name>
         <load_address>0x1a1</load_address>
         <run_address>0x1a1</run_address>
         <size>0x6b</size>
         <input_file_ref idref="fl-135"/>
      </object_component>
      <object_component id="oc-54">
         <name>.debug_abbrev</name>
         <load_address>0x20c</load_address>
         <run_address>0x20c</run_address>
         <size>0x24</size>
         <input_file_ref idref="fl-135"/>
      </object_component>
      <object_component id="oc-58">
         <name>.debug_abbrev</name>
         <load_address>0x230</load_address>
         <run_address>0x230</run_address>
         <size>0x9a</size>
         <input_file_ref idref="fl-2"/>
      </object_component>
      <object_component id="oc-5b">
         <name>.debug_abbrev</name>
         <load_address>0x2ca</load_address>
         <run_address>0x2ca</run_address>
         <size>0x7d</size>
         <input_file_ref idref="fl-6"/>
      </object_component>
      <object_component id="oc-5d">
         <name>.debug_abbrev</name>
         <load_address>0x347</load_address>
         <run_address>0x347</run_address>
         <size>0x1c</size>
         <input_file_ref idref="fl-6"/>
      </object_component>
      <object_component id="oc-61">
         <name>.debug_abbrev</name>
         <load_address>0x363</load_address>
         <run_address>0x363</run_address>
         <size>0x68</size>
         <input_file_ref idref="fl-2"/>
      </object_component>
      <object_component id="oc-64">
         <name>.debug_abbrev</name>
         <load_address>0x3cb</load_address>
         <run_address>0x3cb</run_address>
         <size>0x23</size>
         <input_file_ref idref="fl-2"/>
      </object_component>
      <object_component id="oc-6c">
         <name>.debug_abbrev</name>
         <load_address>0x3ee</load_address>
         <run_address>0x3ee</run_address>
         <size>0x86</size>
         <input_file_ref idref="fl-13d"/>
      </object_component>
      <object_component id="oc-72">
         <name>.debug_abbrev</name>
         <load_address>0x474</load_address>
         <run_address>0x474</run_address>
         <size>0x5f</size>
         <input_file_ref idref="fl-13c"/>
      </object_component>
      <object_component id="oc-74">
         <name>.debug_abbrev</name>
         <load_address>0x4d3</load_address>
         <run_address>0x4d3</run_address>
         <size>0x23</size>
         <input_file_ref idref="fl-13c"/>
      </object_component>
      <object_component id="oc-7c">
         <name>.debug_abbrev</name>
         <load_address>0x4f6</load_address>
         <run_address>0x4f6</run_address>
         <size>0xd5</size>
         <input_file_ref idref="fl-137"/>
      </object_component>
      <object_component id="oc-7e">
         <name>.debug_abbrev</name>
         <load_address>0x5cb</load_address>
         <run_address>0x5cb</run_address>
         <size>0x23</size>
         <input_file_ref idref="fl-134"/>
      </object_component>
      <object_component id="oc-82">
         <name>.debug_abbrev</name>
         <load_address>0x5ee</load_address>
         <run_address>0x5ee</run_address>
         <size>0x27</size>
         <input_file_ref idref="fl-139"/>
      </object_component>
      <object_component id="oc-85">
         <name>.debug_abbrev</name>
         <load_address>0x615</load_address>
         <run_address>0x615</run_address>
         <size>0x1a</size>
         <input_file_ref idref="fl-139"/>
      </object_component>
      <object_component id="oc-89">
         <name>.debug_abbrev</name>
         <load_address>0x62f</load_address>
         <run_address>0x62f</run_address>
         <size>0x40</size>
         <input_file_ref idref="fl-138"/>
      </object_component>
      <object_component id="oc-8b">
         <name>.debug_abbrev</name>
         <load_address>0x66f</load_address>
         <run_address>0x66f</run_address>
         <size>0x24</size>
         <input_file_ref idref="fl-134"/>
      </object_component>
      <object_component id="oc-91">
         <name>.debug_abbrev</name>
         <load_address>0x693</load_address>
         <run_address>0x693</run_address>
         <size>0x24</size>
         <input_file_ref idref="fl-135"/>
      </object_component>
      <object_component id="oc-96">
         <name>.debug_abbrev</name>
         <load_address>0x6b7</load_address>
         <run_address>0x6b7</run_address>
         <size>0x83</size>
         <input_file_ref idref="fl-135"/>
      </object_component>
      <object_component id="oc-98">
         <name>.debug_abbrev</name>
         <load_address>0x73a</load_address>
         <run_address>0x73a</run_address>
         <size>0x1c</size>
         <input_file_ref idref="fl-135"/>
      </object_component>
      <object_component id="oc-9c">
         <name>.debug_abbrev</name>
         <load_address>0x756</load_address>
         <run_address>0x756</run_address>
         <size>0x2c</size>
         <input_file_ref idref="fl-135"/>
      </object_component>
      <object_component id="oc-9e">
         <name>.debug_abbrev</name>
         <load_address>0x782</load_address>
         <run_address>0x782</run_address>
         <size>0x27</size>
         <input_file_ref idref="fl-6"/>
      </object_component>
      <object_component id="oc-a0">
         <name>.debug_abbrev</name>
         <load_address>0x7a9</load_address>
         <run_address>0x7a9</run_address>
         <size>0xa2</size>
         <input_file_ref idref="fl-13e"/>
      </object_component>
      <object_component id="oc-a2">
         <name>.debug_abbrev</name>
         <load_address>0x84b</load_address>
         <run_address>0x84b</run_address>
         <size>0x8d</size>
         <input_file_ref idref="fl-5"/>
      </object_component>
      <object_component id="oc-a4">
         <name>.debug_abbrev</name>
         <load_address>0x8d8</load_address>
         <run_address>0x8d8</run_address>
         <size>0x1c</size>
         <input_file_ref idref="fl-5"/>
      </object_component>
      <object_component id="oc-a9">
         <name>.debug_abbrev</name>
         <load_address>0x8f4</load_address>
         <run_address>0x8f4</run_address>
         <size>0x35</size>
         <input_file_ref idref="fl-3"/>
      </object_component>
      <object_component id="oc-b1">
         <name>.debug_abbrev</name>
         <load_address>0x929</load_address>
         <run_address>0x929</run_address>
         <size>0x29</size>
         <input_file_ref idref="fl-13b"/>
      </object_component>
      <object_component id="oc-b4">
         <name>.debug_abbrev</name>
         <load_address>0x952</load_address>
         <run_address>0x952</run_address>
         <size>0x29</size>
         <input_file_ref idref="fl-137"/>
      </object_component>
      <object_component id="oc-b7">
         <name>.debug_abbrev</name>
         <load_address>0x97b</load_address>
         <run_address>0x97b</run_address>
         <size>0x4c</size>
         <input_file_ref idref="fl-134"/>
      </object_component>
      <object_component id="oc-b9">
         <name>.debug_abbrev</name>
         <load_address>0x9c7</load_address>
         <run_address>0x9c7</run_address>
         <size>0x2c</size>
         <input_file_ref idref="fl-136"/>
      </object_component>
      <object_component id="oc-bb">
         <name>.debug_abbrev</name>
         <load_address>0x9f3</load_address>
         <run_address>0x9f3</run_address>
         <size>0x85</size>
         <input_file_ref idref="fl-13e"/>
      </object_component>
      <object_component id="oc-be">
         <name>.debug_abbrev</name>
         <load_address>0xa78</load_address>
         <run_address>0xa78</run_address>
         <size>0x4b</size>
         <input_file_ref idref="fl-13e"/>
      </object_component>
      <object_component id="oc-c3">
         <name>.debug_abbrev</name>
         <load_address>0xac3</load_address>
         <run_address>0xac3</run_address>
         <size>0x23</size>
         <input_file_ref idref="fl-3"/>
      </object_component>
      <object_component id="oc-c7">
         <name>.debug_abbrev</name>
         <load_address>0xae6</load_address>
         <run_address>0xae6</run_address>
         <size>0x66</size>
         <input_file_ref idref="fl-13b"/>
      </object_component>
      <object_component id="oc-c8">
         <name>.debug_abbrev</name>
         <load_address>0xb4c</load_address>
         <run_address>0xb4c</run_address>
         <size>0x3e</size>
         <input_file_ref idref="fl-13b"/>
      </object_component>
      <object_component id="oc-ca">
         <name>.debug_abbrev</name>
         <load_address>0xb8a</load_address>
         <run_address>0xb8a</run_address>
         <size>0x64</size>
         <input_file_ref idref="fl-137"/>
      </object_component>
      <object_component id="oc-ec">
         <name>.debug_abbrev</name>
         <load_address>0xbee</load_address>
         <run_address>0xbee</run_address>
         <size>0xf</size>
      </object_component>
      <object_component id="oc-45">
         <name>.debug_str</name>
         <load_address>0x0</load_address>
         <run_address>0x0</run_address>
         <size>0xb3</size>
         <input_file_ref idref="fl-134"/>
      </object_component>
      <object_component id="oc-4b">
         <name>.debug_str</name>
         <load_address>0xb3</load_address>
         <run_address>0xb3</run_address>
         <size>0xad</size>
         <input_file_ref idref="fl-136"/>
      </object_component>
      <object_component id="oc-56">
         <name>.debug_str</name>
         <load_address>0x160</load_address>
         <run_address>0x160</run_address>
         <size>0xa7</size>
         <input_file_ref idref="fl-135"/>
      </object_component>
      <object_component id="oc-5f">
         <name>.debug_str</name>
         <load_address>0x207</load_address>
         <run_address>0x207</run_address>
         <size>0x12b</size>
         <input_file_ref idref="fl-6"/>
      </object_component>
      <object_component id="oc-66">
         <name>.debug_str</name>
         <load_address>0x332</load_address>
         <run_address>0x332</run_address>
         <size>0x10d</size>
         <input_file_ref idref="fl-2"/>
      </object_component>
      <object_component id="oc-76">
         <name>.debug_str</name>
         <load_address>0x43f</load_address>
         <run_address>0x43f</run_address>
         <size>0x10f</size>
         <input_file_ref idref="fl-13c"/>
      </object_component>
      <object_component id="oc-80">
         <name>.debug_str</name>
         <load_address>0x54e</load_address>
         <run_address>0x54e</run_address>
         <size>0x10f</size>
         <input_file_ref idref="fl-134"/>
      </object_component>
      <object_component id="oc-87">
         <name>.debug_str</name>
         <load_address>0x65d</load_address>
         <run_address>0x65d</run_address>
         <size>0x10a</size>
         <input_file_ref idref="fl-139"/>
      </object_component>
      <object_component id="oc-8d">
         <name>.debug_str</name>
         <load_address>0x767</load_address>
         <run_address>0x767</run_address>
         <size>0xae</size>
         <input_file_ref idref="fl-134"/>
      </object_component>
      <object_component id="oc-93">
         <name>.debug_str</name>
         <load_address>0x815</load_address>
         <run_address>0x815</run_address>
         <size>0x9c</size>
         <input_file_ref idref="fl-135"/>
      </object_component>
      <object_component id="oc-9a">
         <name>.debug_str</name>
         <load_address>0x8b1</load_address>
         <run_address>0x8b1</run_address>
         <size>0x10a</size>
         <input_file_ref idref="fl-135"/>
      </object_component>
      <object_component id="oc-a6">
         <name>.debug_str</name>
         <load_address>0x9bb</load_address>
         <run_address>0x9bb</run_address>
         <size>0x108</size>
         <input_file_ref idref="fl-5"/>
      </object_component>
      <object_component id="oc-ab">
         <name>.debug_str</name>
         <load_address>0xac3</load_address>
         <run_address>0xac3</run_address>
         <size>0x1f7</size>
         <input_file_ref idref="fl-3"/>
      </object_component>
      <object_component id="oc-c0">
         <name>.debug_str</name>
         <load_address>0xcba</load_address>
         <run_address>0xcba</run_address>
         <size>0xf3</size>
         <input_file_ref idref="fl-13e"/>
      </object_component>
      <object_component id="oc-c5">
         <name>.debug_str</name>
         <load_address>0xdad</load_address>
         <run_address>0xdad</run_address>
         <size>0x10d</size>
         <input_file_ref idref="fl-3"/>
      </object_component>
      <object_component id="oc-46">
         <name>.debug_pubtypes</name>
         <load_address>0x0</load_address>
         <run_address>0x0</run_address>
         <size>0x46</size>
         <input_file_ref idref="fl-134"/>
      </object_component>
      <object_component id="oc-4c">
         <name>.debug_pubtypes</name>
         <load_address>0x46</load_address>
         <run_address>0x46</run_address>
         <size>0x46</size>
         <input_file_ref idref="fl-136"/>
      </object_component>
      <object_component id="oc-57">
         <name>.debug_pubtypes</name>
         <load_address>0x8c</load_address>
         <run_address>0x8c</run_address>
         <size>0x37</size>
         <input_file_ref idref="fl-135"/>
      </object_component>
      <object_component id="oc-60">
         <name>.debug_pubtypes</name>
         <load_address>0xc3</load_address>
         <run_address>0xc3</run_address>
         <size>0xe4</size>
         <input_file_ref idref="fl-6"/>
      </object_component>
      <object_component id="oc-67">
         <name>.debug_pubtypes</name>
         <load_address>0x1a7</load_address>
         <run_address>0x1a7</run_address>
         <size>0xed</size>
         <input_file_ref idref="fl-2"/>
      </object_component>
      <object_component id="oc-77">
         <name>.debug_pubtypes</name>
         <load_address>0x294</load_address>
         <run_address>0x294</run_address>
         <size>0xff</size>
         <input_file_ref idref="fl-13c"/>
      </object_component>
      <object_component id="oc-81">
         <name>.debug_pubtypes</name>
         <load_address>0x393</load_address>
         <run_address>0x393</run_address>
         <size>0xed</size>
         <input_file_ref idref="fl-134"/>
      </object_component>
      <object_component id="oc-88">
         <name>.debug_pubtypes</name>
         <load_address>0x480</load_address>
         <run_address>0x480</run_address>
         <size>0xe4</size>
         <input_file_ref idref="fl-139"/>
      </object_component>
      <object_component id="oc-8e">
         <name>.debug_pubtypes</name>
         <load_address>0x564</load_address>
         <run_address>0x564</run_address>
         <size>0x37</size>
         <input_file_ref idref="fl-134"/>
      </object_component>
      <object_component id="oc-94">
         <name>.debug_pubtypes</name>
         <load_address>0x59b</load_address>
         <run_address>0x59b</run_address>
         <size>0x1d</size>
         <input_file_ref idref="fl-135"/>
      </object_component>
      <object_component id="oc-9b">
         <name>.debug_pubtypes</name>
         <load_address>0x5b8</load_address>
         <run_address>0x5b8</run_address>
         <size>0xe4</size>
         <input_file_ref idref="fl-135"/>
      </object_component>
      <object_component id="oc-a7">
         <name>.debug_pubtypes</name>
         <load_address>0x69c</load_address>
         <run_address>0x69c</run_address>
         <size>0xe4</size>
         <input_file_ref idref="fl-5"/>
      </object_component>
      <object_component id="oc-ac">
         <name>.debug_pubtypes</name>
         <load_address>0x780</load_address>
         <run_address>0x780</run_address>
         <size>0x1c6</size>
         <input_file_ref idref="fl-3"/>
      </object_component>
      <object_component id="oc-c1">
         <name>.debug_pubtypes</name>
         <load_address>0x946</load_address>
         <run_address>0x946</run_address>
         <size>0x50</size>
         <input_file_ref idref="fl-13e"/>
      </object_component>
      <object_component id="oc-c6">
         <name>.debug_pubtypes</name>
         <load_address>0x996</load_address>
         <run_address>0x996</run_address>
         <size>0xff</size>
         <input_file_ref idref="fl-3"/>
      </object_component>
   </object_component_list>
   <logical_group_list>
      <logical_group id="lg-3">
         <name>.intvecs</name>
         <load_address>0x0</load_address>
         <run_address>0x0</run_address>
         <size>0xf0</size>
         <contents>
            <object_component_ref idref="oc-e"/>
         </contents>
      </logical_group>
      <logical_group id="lg-4">
         <name>.text</name>
         <load_address>0xf0</load_address>
         <run_address>0xf0</run_address>
         <size>0x4be</size>
         <contents>
            <object_component_ref idref="oc-26"/>
            <object_component_ref idref="oc-3d"/>
            <object_component_ref idref="oc-6d"/>
            <object_component_ref idref="oc-2e"/>
            <object_component_ref idref="oc-4d"/>
            <object_component_ref idref="oc-68"/>
            <object_component_ref idref="oc-36"/>
            <object_component_ref idref="oc-10"/>
            <object_component_ref idref="oc-32"/>
            <object_component_ref idref="oc-ad"/>
            <object_component_ref idref="oc-18"/>
            <object_component_ref idref="oc-14"/>
            <object_component_ref idref="oc-21"/>
            <object_component_ref idref="oc-1c"/>
         </contents>
      </logical_group>
      <logical_group id="lg-5">
         <name>.const</name>
         <run_address>0x0</run_address>
         <size>0x0</size>
         <contents>
         </contents>
      </logical_group>
      <logical_group id="lg-6">
         <name>.cinit</name>
         <load_address>0x5b0</load_address>
         <run_address>0x5b0</run_address>
         <size>0x38</size>
         <contents>
            <object_component_ref idref="oc-e6"/>
            <object_component_ref idref="oc-e8"/>
            <object_component_ref idref="oc-e9"/>
            <object_component_ref idref="oc-e7"/>
         </contents>
      </logical_group>
      <logical_group id="lg-7">
         <name>.pinit</name>
         <run_address>0x0</run_address>
         <size>0x0</size>
         <contents>
         </contents>
      </logical_group>
      <logical_group id="lg-8">
         <name>.init_array</name>
         <run_address>0x0</run_address>
         <size>0x0</size>
         <contents>
         </contents>
      </logical_group>
      <logical_group id="lg-9">
         <name>.vtable</name>
         <run_address>0x0</run_address>
         <size>0x0</size>
         <contents>
         </contents>
      </logical_group>
      <logical_group id="lg-a">
         <name>.data</name>
         <load_address>0x20001000</load_address>
         <run_address>0x20001000</run_address>
         <size>0x14</size>
         <contents>
            <object_component_ref idref="oc-3a"/>
            <object_component_ref idref="oc-78"/>
            <object_component_ref idref="oc-7a"/>
         </contents>
      </logical_group>
      <logical_group id="lg-b">
         <name>.bss</name>
         <run_address>0x20001014</run_address>
         <size>0x2</size>
         <contents>
            <object_component_ref idref="oc-59"/>
         </contents>
      </logical_group>
      <logical_group id="lg-c">
         <name>.sysmem</name>
         <run_address>0x0</run_address>
         <size>0x0</size>
         <contents>
         </contents>
      </logical_group>
      <logical_group id="lg-d">
         <name>.stack</name>
         <run_address>0x20000000</run_address>
         <size>0x1000</size>
         <contents>
            <object_component_ref idref="oc-20"/>
            <object_component_ref idref="oc-ea"/>
         </contents>
      </logical_group>
      <logical_group id="lg-d8">
         <name>.debug_info</name>
         <load_address>0x0</load_address>
         <run_address>0x0</run_address>
         <size>0x2b44</size>
         <contents>
            <object_component_ref idref="oc-f"/>
            <object_component_ref idref="oc-11"/>
            <object_component_ref idref="oc-15"/>
            <object_component_ref idref="oc-19"/>
            <object_component_ref idref="oc-1d"/>
            <object_component_ref idref="oc-22"/>
            <object_component_ref idref="oc-27"/>
            <object_component_ref idref="oc-2d"/>
            <object_component_ref idref="oc-2f"/>
            <object_component_ref idref="oc-33"/>
            <object_component_ref idref="oc-37"/>
            <object_component_ref idref="oc-3b"/>
            <object_component_ref idref="oc-3e"/>
            <object_component_ref idref="oc-42"/>
            <object_component_ref idref="oc-48"/>
            <object_component_ref idref="oc-4e"/>
            <object_component_ref idref="oc-52"/>
            <object_component_ref idref="oc-53"/>
            <object_component_ref idref="oc-5a"/>
            <object_component_ref idref="oc-5c"/>
            <object_component_ref idref="oc-63"/>
            <object_component_ref idref="oc-69"/>
            <object_component_ref idref="oc-6e"/>
            <object_component_ref idref="oc-73"/>
            <object_component_ref idref="oc-79"/>
            <object_component_ref idref="oc-7b"/>
            <object_component_ref idref="oc-7d"/>
            <object_component_ref idref="oc-84"/>
            <object_component_ref idref="oc-8a"/>
            <object_component_ref idref="oc-8f"/>
            <object_component_ref idref="oc-90"/>
            <object_component_ref idref="oc-95"/>
            <object_component_ref idref="oc-97"/>
            <object_component_ref idref="oc-a1"/>
            <object_component_ref idref="oc-a3"/>
            <object_component_ref idref="oc-a8"/>
            <object_component_ref idref="oc-ae"/>
            <object_component_ref idref="oc-b3"/>
            <object_component_ref idref="oc-b6"/>
            <object_component_ref idref="oc-bd"/>
            <object_component_ref idref="oc-c2"/>
            <object_component_ref idref="oc-eb"/>
         </contents>
      </logical_group>
      <logical_group id="lg-da">
         <name>.debug_line</name>
         <load_address>0x0</load_address>
         <run_address>0x0</run_address>
         <size>0xac8</size>
         <contents>
            <object_component_ref idref="oc-12"/>
            <object_component_ref idref="oc-16"/>
            <object_component_ref idref="oc-1a"/>
            <object_component_ref idref="oc-1e"/>
            <object_component_ref idref="oc-23"/>
            <object_component_ref idref="oc-28"/>
            <object_component_ref idref="oc-2c"/>
            <object_component_ref idref="oc-30"/>
            <object_component_ref idref="oc-34"/>
            <object_component_ref idref="oc-38"/>
            <object_component_ref idref="oc-3f"/>
            <object_component_ref idref="oc-44"/>
            <object_component_ref idref="oc-4a"/>
            <object_component_ref idref="oc-4f"/>
            <object_component_ref idref="oc-55"/>
            <object_component_ref idref="oc-5e"/>
            <object_component_ref idref="oc-62"/>
            <object_component_ref idref="oc-65"/>
            <object_component_ref idref="oc-6a"/>
            <object_component_ref idref="oc-6f"/>
            <object_component_ref idref="oc-75"/>
            <object_component_ref idref="oc-7f"/>
            <object_component_ref idref="oc-83"/>
            <object_component_ref idref="oc-86"/>
            <object_component_ref idref="oc-8c"/>
            <object_component_ref idref="oc-92"/>
            <object_component_ref idref="oc-99"/>
            <object_component_ref idref="oc-9d"/>
            <object_component_ref idref="oc-9f"/>
            <object_component_ref idref="oc-a5"/>
            <object_component_ref idref="oc-aa"/>
            <object_component_ref idref="oc-af"/>
            <object_component_ref idref="oc-b2"/>
            <object_component_ref idref="oc-b5"/>
            <object_component_ref idref="oc-b8"/>
            <object_component_ref idref="oc-ba"/>
            <object_component_ref idref="oc-bc"/>
            <object_component_ref idref="oc-bf"/>
            <object_component_ref idref="oc-c4"/>
            <object_component_ref idref="oc-c9"/>
            <object_component_ref idref="oc-cb"/>
         </contents>
      </logical_group>
      <logical_group id="lg-dc">
         <name>.debug_aranges</name>
         <load_address>0x0</load_address>
         <run_address>0x0</run_address>
         <size>0x220</size>
         <contents>
            <object_component_ref idref="oc-13"/>
            <object_component_ref idref="oc-17"/>
            <object_component_ref idref="oc-1b"/>
            <object_component_ref idref="oc-1f"/>
            <object_component_ref idref="oc-25"/>
            <object_component_ref idref="oc-2a"/>
            <object_component_ref idref="oc-31"/>
            <object_component_ref idref="oc-35"/>
            <object_component_ref idref="oc-39"/>
            <object_component_ref idref="oc-40"/>
            <object_component_ref idref="oc-50"/>
            <object_component_ref idref="oc-6b"/>
            <object_component_ref idref="oc-71"/>
            <object_component_ref idref="oc-b0"/>
         </contents>
      </logical_group>
      <logical_group id="lg-de">
         <name>.debug_frame</name>
         <load_address>0x0</load_address>
         <run_address>0x0</run_address>
         <size>0x143</size>
         <contents>
            <object_component_ref idref="oc-24"/>
            <object_component_ref idref="oc-29"/>
            <object_component_ref idref="oc-70"/>
         </contents>
      </logical_group>
      <logical_group id="lg-e0">
         <name>.debug_abbrev</name>
         <load_address>0x0</load_address>
         <run_address>0x0</run_address>
         <size>0xbfd</size>
         <contents>
            <object_component_ref idref="oc-2b"/>
            <object_component_ref idref="oc-3c"/>
            <object_component_ref idref="oc-41"/>
            <object_component_ref idref="oc-43"/>
            <object_component_ref idref="oc-47"/>
            <object_component_ref idref="oc-49"/>
            <object_component_ref idref="oc-51"/>
            <object_component_ref idref="oc-54"/>
            <object_component_ref idref="oc-58"/>
            <object_component_ref idref="oc-5b"/>
            <object_component_ref idref="oc-5d"/>
            <object_component_ref idref="oc-61"/>
            <object_component_ref idref="oc-64"/>
            <object_component_ref idref="oc-6c"/>
            <object_component_ref idref="oc-72"/>
            <object_component_ref idref="oc-74"/>
            <object_component_ref idref="oc-7c"/>
            <object_component_ref idref="oc-7e"/>
            <object_component_ref idref="oc-82"/>
            <object_component_ref idref="oc-85"/>
            <object_component_ref idref="oc-89"/>
            <object_component_ref idref="oc-8b"/>
            <object_component_ref idref="oc-91"/>
            <object_component_ref idref="oc-96"/>
            <object_component_ref idref="oc-98"/>
            <object_component_ref idref="oc-9c"/>
            <object_component_ref idref="oc-9e"/>
            <object_component_ref idref="oc-a0"/>
            <object_component_ref idref="oc-a2"/>
            <object_component_ref idref="oc-a4"/>
            <object_component_ref idref="oc-a9"/>
            <object_component_ref idref="oc-b1"/>
            <object_component_ref idref="oc-b4"/>
            <object_component_ref idref="oc-b7"/>
            <object_component_ref idref="oc-b9"/>
            <object_component_ref idref="oc-bb"/>
            <object_component_ref idref="oc-be"/>
            <object_component_ref idref="oc-c3"/>
            <object_component_ref idref="oc-c7"/>
            <object_component_ref idref="oc-c8"/>
            <object_component_ref idref="oc-ca"/>
            <object_component_ref idref="oc-ec"/>
         </contents>
      </logical_group>
      <logical_group id="lg-e2">
         <name>.debug_str</name>
         <load_address>0x0</load_address>
         <run_address>0x0</run_address>
         <size>0xeba</size>
         <contents>
            <object_component_ref idref="oc-45"/>
            <object_component_ref idref="oc-4b"/>
            <object_component_ref idref="oc-56"/>
            <object_component_ref idref="oc-5f"/>
            <object_component_ref idref="oc-66"/>
            <object_component_ref idref="oc-76"/>
            <object_component_ref idref="oc-80"/>
            <object_component_ref idref="oc-87"/>
            <object_component_ref idref="oc-8d"/>
            <object_component_ref idref="oc-93"/>
            <object_component_ref idref="oc-9a"/>
            <object_component_ref idref="oc-a6"/>
            <object_component_ref idref="oc-ab"/>
            <object_component_ref idref="oc-c0"/>
            <object_component_ref idref="oc-c5"/>
         </contents>
      </logical_group>
      <logical_group id="lg-e4">
         <name>.debug_pubtypes</name>
         <load_address>0x0</load_address>
         <run_address>0x0</run_address>
         <size>0xa95</size>
         <contents>
            <object_component_ref idref="oc-46"/>
            <object_component_ref idref="oc-4c"/>
            <object_component_ref idref="oc-57"/>
            <object_component_ref idref="oc-60"/>
            <object_component_ref idref="oc-67"/>
            <object_component_ref idref="oc-77"/>
            <object_component_ref idref="oc-81"/>
            <object_component_ref idref="oc-88"/>
            <object_component_ref idref="oc-8e"/>
            <object_component_ref idref="oc-94"/>
            <object_component_ref idref="oc-9b"/>
            <object_component_ref idref="oc-a7"/>
            <object_component_ref idref="oc-ac"/>
            <object_component_ref idref="oc-c1"/>
            <object_component_ref idref="oc-c6"/>
         </contents>
      </logical_group>
      <load_segment id="lg-f0">
         <name>SEGMENT_0</name>
         <load_address>0x0</load_address>
         <run_address>0x0</run_address>
         <size>0x5e8</size>
         <flags>0x5</flags>
         <contents>
            <logical_group_ref idref="lg-3"/>
            <logical_group_ref idref="lg-4"/>
            <logical_group_ref idref="lg-6"/>
         </contents>
      </load_segment>
      <load_segment id="lg-f1">
         <name>SEGMENT_1</name>
         <run_address>0x20000000</run_address>
         <size>0x1000</size>
         <flags>0x6</flags>
         <contents>
            <logical_group_ref idref="lg-d"/>
         </contents>
      </load_segment>
      <load_segment id="lg-f2">
         <name>SEGMENT_2</name>
         <load_address>0x20001000</load_address>
         <run_address>0x20001000</run_address>
         <size>0x16</size>
         <flags>0x6</flags>
         <contents>
            <logical_group_ref idref="lg-a"/>
            <logical_group_ref idref="lg-b"/>
         </contents>
      </load_segment>
   </logical_group_list>
   <placement_map>
      <memory_area>
         <name>FLASH</name>
         <page_id>0x0</page_id>
         <origin>0x0</origin>
         <length>0x40000</length>
         <used_space>0x5e6</used_space>
         <unused_space>0x3fa1a</unused_space>
         <attributes>RX</attributes>
         <usage_details>
            <allocated_space>
               <start_address>0x0</start_address>
               <size>0xf0</size>
               <logical_group_ref idref="lg-3"/>
            </allocated_space>
            <allocated_space>
               <start_address>0xf0</start_address>
               <size>0x4be</size>
               <logical_group_ref idref="lg-4"/>
            </allocated_space>
            <available_space>
               <start_address>0x5ae</start_address>
               <size>0x2</size>
            </available_space>
            <allocated_space>
               <start_address>0x5b0</start_address>
               <size>0x38</size>
               <logical_group_ref idref="lg-6"/>
            </allocated_space>
            <available_space>
               <start_address>0x5e8</start_address>
               <size>0x3fa18</size>
            </available_space>
         </usage_details>
      </memory_area>
      <memory_area>
         <name>SRAM</name>
         <page_id>0x0</page_id>
         <origin>0x20000000</origin>
         <length>0x10000</length>
         <used_space>0x1016</used_space>
         <unused_space>0xefea</unused_space>
         <attributes>RWX</attributes>
         <usage_details>
            <allocated_space>
               <start_address>0x20000000</start_address>
               <size>0x1000</size>
               <logical_group_ref idref="lg-d"/>
            </allocated_space>
            <allocated_space>
               <start_address>0x20001000</start_address>
               <size>0x14</size>
               <logical_group_ref idref="lg-a"/>
            </allocated_space>
            <allocated_space>
               <start_address>0x20001014</start_address>
               <size>0x2</size>
               <logical_group_ref idref="lg-b"/>
            </allocated_space>
            <available_space>
               <start_address>0x20001016</start_address>
               <size>0xefea</size>
            </available_space>
         </usage_details>
      </memory_area>
   </placement_map>
   <cptbl_list>
      <cptbl>
         <name>__TI_cinit_table</name>
         <cprec>
            <name>.data</name>
            <load_address>0x5c0</load_address>
            <load_size>0x9</load_size>
            <run_address>0x20001000</run_address>
            <run_size>0x14</run_size>
            <compression>rle</compression>
         </cprec>
         <cprec>
            <name>.bss</name>
            <load_address>0x5d0</load_address>
            <load_size>0x8</load_size>
            <run_address>0x20001014</run_address>
            <run_size>0x2</run_size>
            <compression>zero_init</compression>
         </cprec>
      </cptbl>
   </cptbl_list>
   <handler_table>
      <handler_table_name>__TI_handler_table</handler_table_name>
      <handler>
         <index>0x0</index>
         <name>__TI_decompress_rle24</name>
      </handler>
      <handler>
         <index>0x1</index>
         <name>__TI_decompress_none</name>
      </handler>
      <handler>
         <index>0x2</index>
         <name>__TI_zero_init</name>
      </handler>
   </handler_table>
   <symbol_table>
      <symbol id="sm-1">
         <name>__STACK_TOP</name>
         <value>0x20000200</value>
      </symbol>
      <symbol id="sm-2">
         <name>__TI_CINIT_Base</name>
         <value>0x5d8</value>
      </symbol>
      <symbol id="sm-3">
         <name>__TI_CINIT_Limit</name>
         <value>0x5e8</value>
      </symbol>
      <symbol id="sm-4">
         <name>__TI_Handler_Table_Base</name>
         <value>0x5b0</value>
      </symbol>
      <symbol id="sm-5">
         <name>__TI_Handler_Table_Limit</name>
         <value>0x5bc</value>
      </symbol>
      <symbol id="sm-6">
         <name>binit</name>
         <value>0xffffffff</value>
      </symbol>
      <symbol id="sm-7">
         <name>__binit__</name>
         <value>0xffffffff</value>
      </symbol>
      <symbol id="sm-8">
         <name>__STACK_SIZE</name>
         <value>0x1000</value>
      </symbol>
      <symbol id="sm-9">
         <name>__STACK_END</name>
         <value>0x20001000</value>
      </symbol>
      <symbol id="sm-a">
         <name>__c_args__</name>
         <value>0xffffffff</value>
      </symbol>
      <symbol id="sm-41">
         <name>ResetISR</name>
         <value>0x59d</value>
         <object_component_ref idref="oc-21"/>
      </symbol>
      <symbol id="sm-42">
         <name>g_pfnVectors</name>
         <value>0x0</value>
         <object_component_ref idref="oc-e"/>
      </symbol>
      <symbol id="sm-66">
         <name>mainOscInit</name>
         <value>0x311</value>
         <object_component_ref idref="oc-6d"/>
      </symbol>
      <symbol id="sm-67">
         <name>main</name>
         <value>0x387</value>
         <object_component_ref idref="oc-6d"/>
      </symbol>
      <symbol id="sm-a0">
         <name>bbStart</name>
         <value>0x17b</value>
         <object_component_ref idref="oc-26"/>
      </symbol>
      <symbol id="sm-a1">
         <name>bbStop</name>
         <value>0x187</value>
         <object_component_ref idref="oc-26"/>
      </symbol>
      <symbol id="sm-a2">
         <name>bitBangSSI</name>
         <value>0x193</value>
         <object_component_ref idref="oc-26"/>
      </symbol>
      <symbol id="sm-a3">
         <name>initBBSPI</name>
         <value>0xf1</value>
         <object_component_ref idref="oc-26"/>
      </symbol>
      <symbol id="sm-b1">
         <name>_c_int00</name>
         <value>0x51d</value>
         <object_component_ref idref="oc-10"/>
      </symbol>
      <symbol id="sm-b2">
         <name>__stack</name>
         <value>0x20000000</value>
         <object_component_ref idref="oc-20"/>
      </symbol>
      <symbol id="sm-cc">
         <name>__TI_decompress_none</name>
         <value>0x58f</value>
         <object_component_ref idref="oc-14"/>
      </symbol>
      <symbol id="sm-f6">
         <name>__TI_decompress_rle24</name>
         <value>0x5a9</value>
         <object_component_ref idref="oc-1c"/>
      </symbol>
      <symbol id="sm-108">
         <name>__TI_zero_init</name>
         <value>0x57d</value>
         <object_component_ref idref="oc-18"/>
      </symbol>
      <symbol id="sm-123">
         <name>C$$EXIT</name>
         <value>0x4dd</value>
         <object_component_ref idref="oc-36"/>
      </symbol>
      <symbol id="sm-124">
         <name>_dtors_ptr</name>
         <value>0x2000100c</value>
         <object_component_ref idref="oc-7a"/>
      </symbol>
      <symbol id="sm-125">
         <name>abort</name>
         <value>0x4e1</value>
         <object_component_ref idref="oc-36"/>
      </symbol>
      <symbol id="sm-126">
         <name>_cleanup_ptr</name>
         <value>0x20001008</value>
         <object_component_ref idref="oc-7a"/>
      </symbol>
      <symbol id="sm-127">
         <name>exit</name>
         <value>0x4e9</value>
         <object_component_ref idref="oc-36"/>
      </symbol>
      <symbol id="sm-13c">
         <name>memcpy</name>
         <value>0x275</value>
         <object_component_ref idref="oc-3d"/>
      </symbol>
      <symbol id="sm-13d">
         <name>__aeabi_memcpy</name>
         <value>0x275</value>
         <object_component_ref idref="oc-3d"/>
      </symbol>
      <symbol id="sm-13e">
         <name>__aeabi_memcpy8</name>
         <value>0x275</value>
         <object_component_ref idref="oc-3d"/>
      </symbol>
      <symbol id="sm-13f">
         <name>__aeabi_memcpy4</name>
         <value>0x275</value>
         <object_component_ref idref="oc-3d"/>
      </symbol>
      <symbol id="sm-14b">
         <name>main_func_sp</name>
         <value>0x20001010</value>
         <object_component_ref idref="oc-3a"/>
      </symbol>
      <symbol id="sm-161">
         <name>_nop</name>
         <value>0x577</value>
         <object_component_ref idref="oc-ad"/>
      </symbol>
      <symbol id="sm-162">
         <name>_lock</name>
         <value>0x20001000</value>
         <object_component_ref idref="oc-78"/>
      </symbol>
      <symbol id="sm-163">
         <name>_unlock</name>
         <value>0x20001004</value>
         <object_component_ref idref="oc-78"/>
      </symbol>
      <symbol id="sm-164">
         <name>_register_lock</name>
         <value>0x56f</value>
         <object_component_ref idref="oc-ad"/>
      </symbol>
      <symbol id="sm-165">
         <name>_register_unlock</name>
         <value>0x569</value>
         <object_component_ref idref="oc-ad"/>
      </symbol>
      <symbol id="sm-174">
         <name>_args_main</name>
         <value>0x551</value>
         <object_component_ref idref="oc-32"/>
      </symbol>
      <symbol id="sm-18e">
         <name>__TI_auto_init</name>
         <value>0x3a5</value>
         <object_component_ref idref="oc-2e"/>
      </symbol>
      <symbol id="sm-1a5">
         <name>copy_in</name>
         <value>0x499</value>
         <object_component_ref idref="oc-68"/>
      </symbol>
      <symbol id="sm-1a6">
         <name>__TI_static_base__</name>
         <value>0x0</value>
      </symbol>
      <symbol id="sm-1a7">
         <name>PS2Init</name>
         <value>0x0</value>
      </symbol>
      <symbol id="sm-1a8">
         <name>PS2Check</name>
         <value>0x0</value>
      </symbol>
      <symbol id="sm-1a9">
         <name>__TI_args_main</name>
         <value>0x1</value>
      </symbol>
      <symbol id="sm-1aa">
         <name>SHT$$INIT_ARRAY$$Limit</name>
         <value>0x0</value>
      </symbol>
      <symbol id="sm-1ab">
         <name>SHT$$INIT_ARRAY$$Base</name>
         <value>0x0</value>
      </symbol>
   </symbol_table>
</link_info>
