<?xml version="1.0"?>
<link_info>
   <banner>TI ARM Linker PC v5.0.4</banner>
   <copyright>Copyright (c) 1996-2013 Texas Instruments Incorporated</copyright>
   <link_time>0x5240c600</link_time>
   <output_file>lab03.out</output_file>
   <entry_point>
      <name>_c_int00</name>
      <address>0xc01</address>
   </entry_point>
   <input_file_list>
      <input_file id="fl-2">
         <path>.\</path>
         <kind>object</kind>
         <file>startup_ccs.obj</file>
         <name>startup_ccs.obj</name>
      </input_file>
      <input_file id="fl-3">
         <path>.\</path>
         <kind>object</kind>
         <file>main.obj</file>
         <name>main.obj</name>
      </input_file>
      <input_file id="fl-8">
         <path>U:\ECPE 172\support\Debug\</path>
         <kind>archive</kind>
         <file>support.lib</file>
         <name>osc.obj</name>
      </input_file>
      <input_file id="fl-132">
         <path>C:\StellarisWare\ccsv5\tools\compiler\arm_5.0.4\lib\</path>
         <kind>archive</kind>
         <file>rtsv7M3_T_le_eabi.lib</file>
         <name>boot.obj</name>
      </input_file>
      <input_file id="fl-133">
         <path>C:\StellarisWare\ccsv5\tools\compiler\arm_5.0.4\lib\</path>
         <kind>archive</kind>
         <file>rtsv7M3_T_le_eabi.lib</file>
         <name>copy_decompress_none.obj</name>
      </input_file>
      <input_file id="fl-134">
         <path>C:\StellarisWare\ccsv5\tools\compiler\arm_5.0.4\lib\</path>
         <kind>archive</kind>
         <file>rtsv7M3_T_le_eabi.lib</file>
         <name>copy_decompress_rle.obj</name>
      </input_file>
      <input_file id="fl-135">
         <path>C:\StellarisWare\ccsv5\tools\compiler\arm_5.0.4\lib\</path>
         <kind>archive</kind>
         <file>rtsv7M3_T_le_eabi.lib</file>
         <name>copy_zero_init.obj</name>
      </input_file>
      <input_file id="fl-136">
         <path>C:\StellarisWare\ccsv5\tools\compiler\arm_5.0.4\lib\</path>
         <kind>archive</kind>
         <file>rtsv7M3_T_le_eabi.lib</file>
         <name>exit.obj</name>
      </input_file>
      <input_file id="fl-137">
         <path>C:\StellarisWare\ccsv5\tools\compiler\arm_5.0.4\lib\</path>
         <kind>archive</kind>
         <file>rtsv7M3_T_le_eabi.lib</file>
         <name>memcpy_t2.obj</name>
      </input_file>
      <input_file id="fl-138">
         <path>C:\StellarisWare\ccsv5\tools\compiler\arm_5.0.4\lib\</path>
         <kind>archive</kind>
         <file>rtsv7M3_T_le_eabi.lib</file>
         <name>stkdepth_vars.obj</name>
      </input_file>
      <input_file id="fl-139">
         <path>C:\StellarisWare\ccsv5\tools\compiler\arm_5.0.4\lib\</path>
         <kind>archive</kind>
         <file>rtsv7M3_T_le_eabi.lib</file>
         <name>_lock.obj</name>
      </input_file>
      <input_file id="fl-13a">
         <path>C:\StellarisWare\ccsv5\tools\compiler\arm_5.0.4\lib\</path>
         <kind>archive</kind>
         <file>rtsv7M3_T_le_eabi.lib</file>
         <name>args_main.obj</name>
      </input_file>
      <input_file id="fl-13b">
         <path>C:\StellarisWare\ccsv5\tools\compiler\arm_5.0.4\lib\</path>
         <kind>archive</kind>
         <file>rtsv7M3_T_le_eabi.lib</file>
         <name>auto_init.obj</name>
      </input_file>
      <input_file id="fl-13c">
         <path>C:\StellarisWare\ccsv5\tools\compiler\arm_5.0.4\lib\</path>
         <kind>archive</kind>
         <file>rtsv7M3_T_le_eabi.lib</file>
         <name>cpy_tbl.obj</name>
      </input_file>
   </input_file_list>
   <object_component_list>
      <object_component id="oc-e">
         <name>.intvecs</name>
         <load_address>0x0</load_address>
         <run_address>0x0</run_address>
         <size>0xf0</size>
         <input_file_ref idref="fl-2"/>
      </object_component>
      <object_component id="oc-60">
         <name>.text</name>
         <load_address>0xf0</load_address>
         <run_address>0xf0</run_address>
         <size>0x87c</size>
         <input_file_ref idref="fl-3"/>
      </object_component>
      <object_component id="oc-38">
         <name>.text</name>
         <load_address>0x96c</load_address>
         <run_address>0x96c</run_address>
         <size>0x9c</size>
         <input_file_ref idref="fl-137"/>
      </object_component>
      <object_component id="oc-29">
         <name>.text</name>
         <load_address>0xa08</load_address>
         <run_address>0xa08</run_address>
         <size>0x94</size>
         <input_file_ref idref="fl-13b"/>
      </object_component>
      <object_component id="oc-93">
         <name>.text</name>
         <load_address>0xa9c</load_address>
         <run_address>0xa9c</run_address>
         <size>0x80</size>
         <input_file_ref idref="fl-8"/>
      </object_component>
      <object_component id="oc-48">
         <name>.text</name>
         <load_address>0xb1c</load_address>
         <run_address>0xb1c</run_address>
         <size>0x5e</size>
         <input_file_ref idref="fl-134"/>
      </object_component>
      <object_component id="oc-5b">
         <name>.text</name>
         <load_address>0xb7c</load_address>
         <run_address>0xb7c</run_address>
         <size>0x44</size>
         <input_file_ref idref="fl-13c"/>
      </object_component>
      <object_component id="oc-31">
         <name>.text</name>
         <load_address>0xbc0</load_address>
         <run_address>0xbc0</run_address>
         <size>0x40</size>
         <input_file_ref idref="fl-136"/>
      </object_component>
      <object_component id="oc-10">
         <name>.text</name>
         <load_address>0xc00</load_address>
         <run_address>0xc00</run_address>
         <size>0x34</size>
         <input_file_ref idref="fl-132"/>
      </object_component>
      <object_component id="oc-2d">
         <name>.text</name>
         <load_address>0xc34</load_address>
         <run_address>0xc34</run_address>
         <size>0x18</size>
         <input_file_ref idref="fl-13a"/>
      </object_component>
      <object_component id="oc-9f">
         <name>.text</name>
         <load_address>0xc4c</load_address>
         <run_address>0xc4c</run_address>
         <size>0x14</size>
         <input_file_ref idref="fl-139"/>
      </object_component>
      <object_component id="oc-14">
         <name>.text:decompress:none</name>
         <load_address>0xc60</load_address>
         <run_address>0xc60</run_address>
         <size>0xe</size>
         <input_file_ref idref="fl-133"/>
      </object_component>
      <object_component id="oc-21">
         <name>.text</name>
         <load_address>0xc6e</load_address>
         <run_address>0xc6e</run_address>
         <size>0xc</size>
         <input_file_ref idref="fl-2"/>
      </object_component>
      <object_component id="oc-1c">
         <name>.text:decompress:rle24</name>
         <load_address>0xc7a</load_address>
         <run_address>0xc7a</run_address>
         <size>0x6</size>
         <input_file_ref idref="fl-134"/>
      </object_component>
      <object_component id="oc-dd">
         <name>.cinit..data.load</name>
         <load_address>0xc80</load_address>
         <run_address>0xc80</run_address>
         <size>0xf</size>
      </object_component>
      <object_component id="oc-db">
         <name>__TI_handler_table</name>
         <load_address>0xc90</load_address>
         <run_address>0xc90</run_address>
         <size>0x8</size>
      </object_component>
      <object_component id="oc-dc">
         <name>__TI_cinit_table</name>
         <load_address>0xc98</load_address>
         <run_address>0xc98</run_address>
         <size>0x8</size>
      </object_component>
      <object_component id="oc-35">
         <name>.data</name>
         <load_address>0x20000210</load_address>
         <run_address>0x20000210</run_address>
         <size>0x4</size>
         <input_file_ref idref="fl-138"/>
      </object_component>
      <object_component id="oc-6b">
         <name>.data</name>
         <load_address>0x20000200</load_address>
         <run_address>0x20000200</run_address>
         <size>0x8</size>
         <input_file_ref idref="fl-139"/>
      </object_component>
      <object_component id="oc-6d">
         <name>.data</name>
         <load_address>0x20000208</load_address>
         <run_address>0x20000208</run_address>
         <size>0x8</size>
         <input_file_ref idref="fl-136"/>
      </object_component>
      <object_component id="oc-20">
         <name>.stack</name>
         <uninitialized>true</uninitialized>
         <run_address>0x20000000</run_address>
         <size>0x0</size>
         <input_file_ref idref="fl-132"/>
      </object_component>
      <object_component id="oc-de">
         <name>.stack</name>
         <uninitialized>true</uninitialized>
         <run_address>0x20000000</run_address>
         <size>0x0</size>
      </object_component>
      <object_component id="oc-f">
         <name>.debug_info</name>
         <load_address>0x0</load_address>
         <run_address>0x0</run_address>
         <size>0xbe</size>
         <input_file_ref idref="fl-2"/>
      </object_component>
      <object_component id="oc-11">
         <name>.debug_info</name>
         <load_address>0xbe</load_address>
         <run_address>0xbe</run_address>
         <size>0xf4</size>
         <input_file_ref idref="fl-132"/>
      </object_component>
      <object_component id="oc-15">
         <name>.debug_info</name>
         <load_address>0x1b2</load_address>
         <run_address>0x1b2</run_address>
         <size>0x159</size>
         <input_file_ref idref="fl-133"/>
      </object_component>
      <object_component id="oc-1d">
         <name>.debug_info</name>
         <load_address>0x30b</load_address>
         <run_address>0x30b</run_address>
         <size>0x16a</size>
         <input_file_ref idref="fl-134"/>
      </object_component>
      <object_component id="oc-22">
         <name>.debug_info</name>
         <load_address>0x475</load_address>
         <run_address>0x475</run_address>
         <size>0x31c</size>
         <input_file_ref idref="fl-2"/>
      </object_component>
      <object_component id="oc-28">
         <name>.debug_info</name>
         <load_address>0x791</load_address>
         <run_address>0x791</run_address>
         <size>0xd2</size>
         <input_file_ref idref="fl-2"/>
      </object_component>
      <object_component id="oc-2a">
         <name>.debug_info</name>
         <load_address>0x863</load_address>
         <run_address>0x863</run_address>
         <size>0x13f</size>
         <input_file_ref idref="fl-13b"/>
      </object_component>
      <object_component id="oc-2e">
         <name>.debug_info</name>
         <load_address>0x9a2</load_address>
         <run_address>0x9a2</run_address>
         <size>0xfe</size>
         <input_file_ref idref="fl-13a"/>
      </object_component>
      <object_component id="oc-32">
         <name>.debug_info</name>
         <load_address>0xaa0</load_address>
         <run_address>0xaa0</run_address>
         <size>0x205</size>
         <input_file_ref idref="fl-136"/>
      </object_component>
      <object_component id="oc-36">
         <name>.debug_info</name>
         <load_address>0xca5</load_address>
         <run_address>0xca5</run_address>
         <size>0xbe</size>
         <input_file_ref idref="fl-138"/>
      </object_component>
      <object_component id="oc-39">
         <name>.debug_info</name>
         <load_address>0xd63</load_address>
         <run_address>0xd63</run_address>
         <size>0xcd</size>
         <input_file_ref idref="fl-137"/>
      </object_component>
      <object_component id="oc-3d">
         <name>.debug_info</name>
         <load_address>0xe30</load_address>
         <run_address>0xe30</run_address>
         <size>0x46</size>
         <input_file_ref idref="fl-133"/>
      </object_component>
      <object_component id="oc-49">
         <name>.debug_info</name>
         <load_address>0xe76</load_address>
         <run_address>0xe76</run_address>
         <size>0x318</size>
         <input_file_ref idref="fl-134"/>
      </object_component>
      <object_component id="oc-4d">
         <name>.debug_info</name>
         <load_address>0x118e</load_address>
         <run_address>0x118e</run_address>
         <size>0xb2</size>
         <input_file_ref idref="fl-134"/>
      </object_component>
      <object_component id="oc-4e">
         <name>.debug_info</name>
         <load_address>0x1240</load_address>
         <run_address>0x1240</run_address>
         <size>0x39</size>
         <input_file_ref idref="fl-134"/>
      </object_component>
      <object_component id="oc-56">
         <name>.debug_info</name>
         <load_address>0x1279</load_address>
         <run_address>0x1279</run_address>
         <size>0x89</size>
         <input_file_ref idref="fl-2"/>
      </object_component>
      <object_component id="oc-5c">
         <name>.debug_info</name>
         <load_address>0x1302</load_address>
         <run_address>0x1302</run_address>
         <size>0x191</size>
         <input_file_ref idref="fl-13c"/>
      </object_component>
      <object_component id="oc-61">
         <name>.debug_info</name>
         <load_address>0x1493</load_address>
         <run_address>0x1493</run_address>
         <size>0x12e1</size>
         <input_file_ref idref="fl-3"/>
      </object_component>
      <object_component id="oc-66">
         <name>.debug_info</name>
         <load_address>0x2774</load_address>
         <run_address>0x2774</run_address>
         <size>0x90</size>
         <input_file_ref idref="fl-13a"/>
      </object_component>
      <object_component id="oc-6c">
         <name>.debug_info</name>
         <load_address>0x2804</load_address>
         <run_address>0x2804</run_address>
         <size>0xc8</size>
         <input_file_ref idref="fl-139"/>
      </object_component>
      <object_component id="oc-6e">
         <name>.debug_info</name>
         <load_address>0x28cc</load_address>
         <run_address>0x28cc</run_address>
         <size>0xdb</size>
         <input_file_ref idref="fl-136"/>
      </object_component>
      <object_component id="oc-70">
         <name>.debug_info</name>
         <load_address>0x29a7</load_address>
         <run_address>0x29a7</run_address>
         <size>0x89</size>
         <input_file_ref idref="fl-133"/>
      </object_component>
      <object_component id="oc-77">
         <name>.debug_info</name>
         <load_address>0x2a30</load_address>
         <run_address>0x2a30</run_address>
         <size>0x83</size>
         <input_file_ref idref="fl-138"/>
      </object_component>
      <object_component id="oc-7d">
         <name>.debug_info</name>
         <load_address>0x2ab3</load_address>
         <run_address>0x2ab3</run_address>
         <size>0x46</size>
         <input_file_ref idref="fl-133"/>
      </object_component>
      <object_component id="oc-82">
         <name>.debug_info</name>
         <load_address>0x2af9</load_address>
         <run_address>0x2af9</run_address>
         <size>0xe8</size>
         <input_file_ref idref="fl-133"/>
      </object_component>
      <object_component id="oc-83">
         <name>.debug_info</name>
         <load_address>0x2be1</load_address>
         <run_address>0x2be1</run_address>
         <size>0x2c</size>
         <input_file_ref idref="fl-134"/>
      </object_component>
      <object_component id="oc-8a">
         <name>.debug_info</name>
         <load_address>0x2c0d</load_address>
         <run_address>0x2c0d</run_address>
         <size>0x84</size>
         <input_file_ref idref="fl-134"/>
      </object_component>
      <object_component id="oc-92">
         <name>.debug_info</name>
         <load_address>0x2c91</load_address>
         <run_address>0x2c91</run_address>
         <size>0x143</size>
         <input_file_ref idref="fl-13c"/>
      </object_component>
      <object_component id="oc-94">
         <name>.debug_info</name>
         <load_address>0x2dd4</load_address>
         <run_address>0x2dd4</run_address>
         <size>0x146</size>
         <input_file_ref idref="fl-8"/>
      </object_component>
      <object_component id="oc-99">
         <name>.debug_info</name>
         <load_address>0x2f1a</load_address>
         <run_address>0x2f1a</run_address>
         <size>0x84</size>
         <input_file_ref idref="fl-3"/>
      </object_component>
      <object_component id="oc-9e">
         <name>.debug_info</name>
         <load_address>0x2f9e</load_address>
         <run_address>0x2f9e</run_address>
         <size>0xb5</size>
         <input_file_ref idref="fl-3"/>
      </object_component>
      <object_component id="oc-a0">
         <name>.debug_info</name>
         <load_address>0x3053</load_address>
         <run_address>0x3053</run_address>
         <size>0x1ba</size>
         <input_file_ref idref="fl-139"/>
      </object_component>
      <object_component id="oc-a5">
         <name>.debug_info</name>
         <load_address>0x320d</load_address>
         <run_address>0x320d</run_address>
         <size>0xd4</size>
         <input_file_ref idref="fl-139"/>
      </object_component>
      <object_component id="oc-a8">
         <name>.debug_info</name>
         <load_address>0x32e1</load_address>
         <run_address>0x32e1</run_address>
         <size>0x131</size>
         <input_file_ref idref="fl-136"/>
      </object_component>
      <object_component id="oc-af">
         <name>.debug_info</name>
         <load_address>0x3412</load_address>
         <run_address>0x3412</run_address>
         <size>0xcd</size>
         <input_file_ref idref="fl-13c"/>
      </object_component>
      <object_component id="oc-b5">
         <name>.debug_info</name>
         <load_address>0x34df</load_address>
         <run_address>0x34df</run_address>
         <size>0x84</size>
         <input_file_ref idref="fl-8"/>
      </object_component>
      <object_component id="oc-df">
         <name>.debug_info</name>
         <load_address>0x3563</load_address>
         <run_address>0x3563</run_address>
         <size>0x85</size>
      </object_component>
      <object_component id="oc-12">
         <name>.debug_line</name>
         <load_address>0x0</load_address>
         <run_address>0x0</run_address>
         <size>0x49</size>
         <input_file_ref idref="fl-132"/>
      </object_component>
      <object_component id="oc-16">
         <name>.debug_line</name>
         <load_address>0x49</load_address>
         <run_address>0x49</run_address>
         <size>0x4d</size>
         <input_file_ref idref="fl-133"/>
      </object_component>
      <object_component id="oc-1e">
         <name>.debug_line</name>
         <load_address>0x96</load_address>
         <run_address>0x96</run_address>
         <size>0x4c</size>
         <input_file_ref idref="fl-134"/>
      </object_component>
      <object_component id="oc-23">
         <name>.debug_line</name>
         <load_address>0xe2</load_address>
         <run_address>0xe2</run_address>
         <size>0x94</size>
         <input_file_ref idref="fl-2"/>
      </object_component>
      <object_component id="oc-27">
         <name>.debug_line</name>
         <load_address>0x176</load_address>
         <run_address>0x176</run_address>
         <size>0x34</size>
         <input_file_ref idref="fl-2"/>
      </object_component>
      <object_component id="oc-2b">
         <name>.debug_line</name>
         <load_address>0x1aa</load_address>
         <run_address>0x1aa</run_address>
         <size>0x87</size>
         <input_file_ref idref="fl-13b"/>
      </object_component>
      <object_component id="oc-2f">
         <name>.debug_line</name>
         <load_address>0x231</load_address>
         <run_address>0x231</run_address>
         <size>0x42</size>
         <input_file_ref idref="fl-13a"/>
      </object_component>
      <object_component id="oc-33">
         <name>.debug_line</name>
         <load_address>0x273</load_address>
         <run_address>0x273</run_address>
         <size>0x71</size>
         <input_file_ref idref="fl-136"/>
      </object_component>
      <object_component id="oc-3a">
         <name>.debug_line</name>
         <load_address>0x2e4</load_address>
         <run_address>0x2e4</run_address>
         <size>0x88</size>
         <input_file_ref idref="fl-137"/>
      </object_component>
      <object_component id="oc-3f">
         <name>.debug_line</name>
         <load_address>0x36c</load_address>
         <run_address>0x36c</run_address>
         <size>0x3a</size>
         <input_file_ref idref="fl-133"/>
      </object_component>
      <object_component id="oc-4a">
         <name>.debug_line</name>
         <load_address>0x3a6</load_address>
         <run_address>0x3a6</run_address>
         <size>0x58</size>
         <input_file_ref idref="fl-134"/>
      </object_component>
      <object_component id="oc-50">
         <name>.debug_line</name>
         <load_address>0x3fe</load_address>
         <run_address>0x3fe</run_address>
         <size>0x39</size>
         <input_file_ref idref="fl-134"/>
      </object_component>
      <object_component id="oc-55">
         <name>.debug_line</name>
         <load_address>0x437</load_address>
         <run_address>0x437</run_address>
         <size>0x34</size>
         <input_file_ref idref="fl-2"/>
      </object_component>
      <object_component id="oc-58">
         <name>.debug_line</name>
         <load_address>0x46b</load_address>
         <run_address>0x46b</run_address>
         <size>0x20</size>
         <input_file_ref idref="fl-2"/>
      </object_component>
      <object_component id="oc-5d">
         <name>.debug_line</name>
         <load_address>0x48b</load_address>
         <run_address>0x48b</run_address>
         <size>0x43</size>
         <input_file_ref idref="fl-13c"/>
      </object_component>
      <object_component id="oc-62">
         <name>.debug_line</name>
         <load_address>0x4ce</load_address>
         <run_address>0x4ce</run_address>
         <size>0x591</size>
         <input_file_ref idref="fl-3"/>
      </object_component>
      <object_component id="oc-68">
         <name>.debug_line</name>
         <load_address>0xa5f</load_address>
         <run_address>0xa5f</run_address>
         <size>0x20</size>
         <input_file_ref idref="fl-13a"/>
      </object_component>
      <object_component id="oc-72">
         <name>.debug_line</name>
         <load_address>0xa7f</load_address>
         <run_address>0xa7f</run_address>
         <size>0x20</size>
         <input_file_ref idref="fl-133"/>
      </object_component>
      <object_component id="oc-76">
         <name>.debug_line</name>
         <load_address>0xa9f</load_address>
         <run_address>0xa9f</run_address>
         <size>0x33</size>
         <input_file_ref idref="fl-138"/>
      </object_component>
      <object_component id="oc-79">
         <name>.debug_line</name>
         <load_address>0xad2</load_address>
         <run_address>0xad2</run_address>
         <size>0x20</size>
         <input_file_ref idref="fl-138"/>
      </object_component>
      <object_component id="oc-7f">
         <name>.debug_line</name>
         <load_address>0xaf2</load_address>
         <run_address>0xaf2</run_address>
         <size>0x44</size>
         <input_file_ref idref="fl-133"/>
      </object_component>
      <object_component id="oc-85">
         <name>.debug_line</name>
         <load_address>0xb36</load_address>
         <run_address>0xb36</run_address>
         <size>0x44</size>
         <input_file_ref idref="fl-134"/>
      </object_component>
      <object_component id="oc-8c">
         <name>.debug_line</name>
         <load_address>0xb7a</load_address>
         <run_address>0xb7a</run_address>
         <size>0x20</size>
         <input_file_ref idref="fl-134"/>
      </object_component>
      <object_component id="oc-90">
         <name>.debug_line</name>
         <load_address>0xb9a</load_address>
         <run_address>0xb9a</run_address>
         <size>0x20</size>
         <input_file_ref idref="fl-134"/>
      </object_component>
      <object_component id="oc-95">
         <name>.debug_line</name>
         <load_address>0xbba</load_address>
         <run_address>0xbba</run_address>
         <size>0x52</size>
         <input_file_ref idref="fl-8"/>
      </object_component>
      <object_component id="oc-9b">
         <name>.debug_line</name>
         <load_address>0xc0c</load_address>
         <run_address>0xc0c</run_address>
         <size>0x20</size>
         <input_file_ref idref="fl-3"/>
      </object_component>
      <object_component id="oc-a1">
         <name>.debug_line</name>
         <load_address>0xc2c</load_address>
         <run_address>0xc2c</run_address>
         <size>0x60</size>
         <input_file_ref idref="fl-139"/>
      </object_component>
      <object_component id="oc-a4">
         <name>.debug_line</name>
         <load_address>0xc8c</load_address>
         <run_address>0xc8c</run_address>
         <size>0x2b</size>
         <input_file_ref idref="fl-139"/>
      </object_component>
      <object_component id="oc-a7">
         <name>.debug_line</name>
         <load_address>0xcb7</load_address>
         <run_address>0xcb7</run_address>
         <size>0x2a</size>
         <input_file_ref idref="fl-136"/>
      </object_component>
      <object_component id="oc-aa">
         <name>.debug_line</name>
         <load_address>0xce1</load_address>
         <run_address>0xce1</run_address>
         <size>0x20</size>
         <input_file_ref idref="fl-133"/>
      </object_component>
      <object_component id="oc-ae">
         <name>.debug_line</name>
         <load_address>0xd01</load_address>
         <run_address>0xd01</run_address>
         <size>0x51</size>
         <input_file_ref idref="fl-13c"/>
      </object_component>
      <object_component id="oc-b1">
         <name>.debug_line</name>
         <load_address>0xd52</load_address>
         <run_address>0xd52</run_address>
         <size>0x45</size>
         <input_file_ref idref="fl-13c"/>
      </object_component>
      <object_component id="oc-b7">
         <name>.debug_line</name>
         <load_address>0xd97</load_address>
         <run_address>0xd97</run_address>
         <size>0x20</size>
         <input_file_ref idref="fl-8"/>
      </object_component>
      <object_component id="oc-bb">
         <name>.debug_line</name>
         <load_address>0xdb7</load_address>
         <run_address>0xdb7</run_address>
         <size>0x2d</size>
         <input_file_ref idref="fl-3"/>
      </object_component>
      <object_component id="oc-be">
         <name>.debug_line</name>
         <load_address>0xde4</load_address>
         <run_address>0xde4</run_address>
         <size>0x20</size>
         <input_file_ref idref="fl-139"/>
      </object_component>
      <object_component id="oc-c0">
         <name>.debug_line</name>
         <load_address>0xe04</load_address>
         <run_address>0xe04</run_address>
         <size>0x43</size>
         <input_file_ref idref="fl-136"/>
      </object_component>
      <object_component id="oc-13">
         <name>.debug_aranges</name>
         <load_address>0x0</load_address>
         <run_address>0x0</run_address>
         <size>0x20</size>
         <input_file_ref idref="fl-132"/>
      </object_component>
      <object_component id="oc-17">
         <name>.debug_aranges</name>
         <load_address>0x20</load_address>
         <run_address>0x20</run_address>
         <size>0x20</size>
         <input_file_ref idref="fl-133"/>
      </object_component>
      <object_component id="oc-1f">
         <name>.debug_aranges</name>
         <load_address>0x40</load_address>
         <run_address>0x40</run_address>
         <size>0x20</size>
         <input_file_ref idref="fl-134"/>
      </object_component>
      <object_component id="oc-25">
         <name>.debug_aranges</name>
         <load_address>0x60</load_address>
         <run_address>0x60</run_address>
         <size>0x38</size>
         <input_file_ref idref="fl-2"/>
      </object_component>
      <object_component id="oc-2c">
         <name>.debug_aranges</name>
         <load_address>0x98</load_address>
         <run_address>0x98</run_address>
         <size>0x28</size>
         <input_file_ref idref="fl-13b"/>
      </object_component>
      <object_component id="oc-30">
         <name>.debug_aranges</name>
         <load_address>0xc0</load_address>
         <run_address>0xc0</run_address>
         <size>0x20</size>
         <input_file_ref idref="fl-13a"/>
      </object_component>
      <object_component id="oc-34">
         <name>.debug_aranges</name>
         <load_address>0xe0</load_address>
         <run_address>0xe0</run_address>
         <size>0x30</size>
         <input_file_ref idref="fl-136"/>
      </object_component>
      <object_component id="oc-3b">
         <name>.debug_aranges</name>
         <load_address>0x110</load_address>
         <run_address>0x110</run_address>
         <size>0x20</size>
         <input_file_ref idref="fl-137"/>
      </object_component>
      <object_component id="oc-4b">
         <name>.debug_aranges</name>
         <load_address>0x130</load_address>
         <run_address>0x130</run_address>
         <size>0x20</size>
         <input_file_ref idref="fl-134"/>
      </object_component>
      <object_component id="oc-5e">
         <name>.debug_aranges</name>
         <load_address>0x150</load_address>
         <run_address>0x150</run_address>
         <size>0x20</size>
         <input_file_ref idref="fl-13c"/>
      </object_component>
      <object_component id="oc-64">
         <name>.debug_aranges</name>
         <load_address>0x170</load_address>
         <run_address>0x170</run_address>
         <size>0x68</size>
         <input_file_ref idref="fl-3"/>
      </object_component>
      <object_component id="oc-97">
         <name>.debug_aranges</name>
         <load_address>0x1d8</load_address>
         <run_address>0x1d8</run_address>
         <size>0x20</size>
         <input_file_ref idref="fl-8"/>
      </object_component>
      <object_component id="oc-a2">
         <name>.debug_aranges</name>
         <load_address>0x1f8</load_address>
         <run_address>0x1f8</run_address>
         <size>0x30</size>
         <input_file_ref idref="fl-139"/>
      </object_component>
      <object_component id="oc-24">
         <name>.debug_frame</name>
         <load_address>0x0</load_address>
         <run_address>0x0</run_address>
         <size>0x72</size>
         <input_file_ref idref="fl-2"/>
      </object_component>
      <object_component id="oc-63">
         <name>.debug_frame</name>
         <load_address>0x72</load_address>
         <run_address>0x72</run_address>
         <size>0x10a</size>
         <input_file_ref idref="fl-3"/>
      </object_component>
      <object_component id="oc-96">
         <name>.debug_frame</name>
         <load_address>0x17c</load_address>
         <run_address>0x17c</run_address>
         <size>0x3f</size>
         <input_file_ref idref="fl-8"/>
      </object_component>
      <object_component id="oc-26">
         <name>.debug_abbrev</name>
         <load_address>0x0</load_address>
         <run_address>0x0</run_address>
         <size>0x29</size>
         <input_file_ref idref="fl-2"/>
      </object_component>
      <object_component id="oc-37">
         <name>.debug_abbrev</name>
         <load_address>0x29</load_address>
         <run_address>0x29</run_address>
         <size>0x40</size>
         <input_file_ref idref="fl-132"/>
      </object_component>
      <object_component id="oc-3c">
         <name>.debug_abbrev</name>
         <load_address>0x69</load_address>
         <run_address>0x69</run_address>
         <size>0x6b</size>
         <input_file_ref idref="fl-133"/>
      </object_component>
      <object_component id="oc-3e">
         <name>.debug_abbrev</name>
         <load_address>0xd4</load_address>
         <run_address>0xd4</run_address>
         <size>0x24</size>
         <input_file_ref idref="fl-133"/>
      </object_component>
      <object_component id="oc-4c">
         <name>.debug_abbrev</name>
         <load_address>0xf8</load_address>
         <run_address>0xf8</run_address>
         <size>0x6b</size>
         <input_file_ref idref="fl-134"/>
      </object_component>
      <object_component id="oc-4f">
         <name>.debug_abbrev</name>
         <load_address>0x163</load_address>
         <run_address>0x163</run_address>
         <size>0x24</size>
         <input_file_ref idref="fl-134"/>
      </object_component>
      <object_component id="oc-53">
         <name>.debug_abbrev</name>
         <load_address>0x187</load_address>
         <run_address>0x187</run_address>
         <size>0x9a</size>
         <input_file_ref idref="fl-2"/>
      </object_component>
      <object_component id="oc-54">
         <name>.debug_abbrev</name>
         <load_address>0x221</load_address>
         <run_address>0x221</run_address>
         <size>0x54</size>
         <input_file_ref idref="fl-2"/>
      </object_component>
      <object_component id="oc-57">
         <name>.debug_abbrev</name>
         <load_address>0x275</load_address>
         <run_address>0x275</run_address>
         <size>0x23</size>
         <input_file_ref idref="fl-2"/>
      </object_component>
      <object_component id="oc-5f">
         <name>.debug_abbrev</name>
         <load_address>0x298</load_address>
         <run_address>0x298</run_address>
         <size>0x86</size>
         <input_file_ref idref="fl-13b"/>
      </object_component>
      <object_component id="oc-65">
         <name>.debug_abbrev</name>
         <load_address>0x31e</load_address>
         <run_address>0x31e</run_address>
         <size>0x5f</size>
         <input_file_ref idref="fl-13a"/>
      </object_component>
      <object_component id="oc-67">
         <name>.debug_abbrev</name>
         <load_address>0x37d</load_address>
         <run_address>0x37d</run_address>
         <size>0x23</size>
         <input_file_ref idref="fl-13a"/>
      </object_component>
      <object_component id="oc-6f">
         <name>.debug_abbrev</name>
         <load_address>0x3a0</load_address>
         <run_address>0x3a0</run_address>
         <size>0xd5</size>
         <input_file_ref idref="fl-136"/>
      </object_component>
      <object_component id="oc-71">
         <name>.debug_abbrev</name>
         <load_address>0x475</load_address>
         <run_address>0x475</run_address>
         <size>0x23</size>
         <input_file_ref idref="fl-133"/>
      </object_component>
      <object_component id="oc-75">
         <name>.debug_abbrev</name>
         <load_address>0x498</load_address>
         <run_address>0x498</run_address>
         <size>0x27</size>
         <input_file_ref idref="fl-138"/>
      </object_component>
      <object_component id="oc-78">
         <name>.debug_abbrev</name>
         <load_address>0x4bf</load_address>
         <run_address>0x4bf</run_address>
         <size>0x1a</size>
         <input_file_ref idref="fl-138"/>
      </object_component>
      <object_component id="oc-7c">
         <name>.debug_abbrev</name>
         <load_address>0x4d9</load_address>
         <run_address>0x4d9</run_address>
         <size>0x40</size>
         <input_file_ref idref="fl-137"/>
      </object_component>
      <object_component id="oc-7e">
         <name>.debug_abbrev</name>
         <load_address>0x519</load_address>
         <run_address>0x519</run_address>
         <size>0x24</size>
         <input_file_ref idref="fl-133"/>
      </object_component>
      <object_component id="oc-84">
         <name>.debug_abbrev</name>
         <load_address>0x53d</load_address>
         <run_address>0x53d</run_address>
         <size>0x24</size>
         <input_file_ref idref="fl-134"/>
      </object_component>
      <object_component id="oc-89">
         <name>.debug_abbrev</name>
         <load_address>0x561</load_address>
         <run_address>0x561</run_address>
         <size>0x83</size>
         <input_file_ref idref="fl-134"/>
      </object_component>
      <object_component id="oc-8b">
         <name>.debug_abbrev</name>
         <load_address>0x5e4</load_address>
         <run_address>0x5e4</run_address>
         <size>0x1c</size>
         <input_file_ref idref="fl-134"/>
      </object_component>
      <object_component id="oc-8f">
         <name>.debug_abbrev</name>
         <load_address>0x600</load_address>
         <run_address>0x600</run_address>
         <size>0x2c</size>
         <input_file_ref idref="fl-134"/>
      </object_component>
      <object_component id="oc-91">
         <name>.debug_abbrev</name>
         <load_address>0x62c</load_address>
         <run_address>0x62c</run_address>
         <size>0xa2</size>
         <input_file_ref idref="fl-13c"/>
      </object_component>
      <object_component id="oc-98">
         <name>.debug_abbrev</name>
         <load_address>0x6ce</load_address>
         <run_address>0x6ce</run_address>
         <size>0x12c</size>
         <input_file_ref idref="fl-3"/>
      </object_component>
      <object_component id="oc-9a">
         <name>.debug_abbrev</name>
         <load_address>0x7fa</load_address>
         <run_address>0x7fa</run_address>
         <size>0x1c</size>
         <input_file_ref idref="fl-3"/>
      </object_component>
      <object_component id="oc-a3">
         <name>.debug_abbrev</name>
         <load_address>0x816</load_address>
         <run_address>0x816</run_address>
         <size>0x29</size>
         <input_file_ref idref="fl-139"/>
      </object_component>
      <object_component id="oc-a6">
         <name>.debug_abbrev</name>
         <load_address>0x83f</load_address>
         <run_address>0x83f</run_address>
         <size>0x29</size>
         <input_file_ref idref="fl-136"/>
      </object_component>
      <object_component id="oc-a9">
         <name>.debug_abbrev</name>
         <load_address>0x868</load_address>
         <run_address>0x868</run_address>
         <size>0x4c</size>
         <input_file_ref idref="fl-133"/>
      </object_component>
      <object_component id="oc-ad">
         <name>.debug_abbrev</name>
         <load_address>0x8b4</load_address>
         <run_address>0x8b4</run_address>
         <size>0x85</size>
         <input_file_ref idref="fl-13c"/>
      </object_component>
      <object_component id="oc-b0">
         <name>.debug_abbrev</name>
         <load_address>0x939</load_address>
         <run_address>0x939</run_address>
         <size>0x4b</size>
         <input_file_ref idref="fl-13c"/>
      </object_component>
      <object_component id="oc-b4">
         <name>.debug_abbrev</name>
         <load_address>0x984</load_address>
         <run_address>0x984</run_address>
         <size>0x71</size>
         <input_file_ref idref="fl-8"/>
      </object_component>
      <object_component id="oc-b6">
         <name>.debug_abbrev</name>
         <load_address>0x9f5</load_address>
         <run_address>0x9f5</run_address>
         <size>0x1c</size>
         <input_file_ref idref="fl-8"/>
      </object_component>
      <object_component id="oc-ba">
         <name>.debug_abbrev</name>
         <load_address>0xa11</load_address>
         <run_address>0xa11</run_address>
         <size>0x30</size>
         <input_file_ref idref="fl-3"/>
      </object_component>
      <object_component id="oc-bc">
         <name>.debug_abbrev</name>
         <load_address>0xa41</load_address>
         <run_address>0xa41</run_address>
         <size>0x66</size>
         <input_file_ref idref="fl-139"/>
      </object_component>
      <object_component id="oc-bd">
         <name>.debug_abbrev</name>
         <load_address>0xaa7</load_address>
         <run_address>0xaa7</run_address>
         <size>0x3e</size>
         <input_file_ref idref="fl-139"/>
      </object_component>
      <object_component id="oc-bf">
         <name>.debug_abbrev</name>
         <load_address>0xae5</load_address>
         <run_address>0xae5</run_address>
         <size>0x64</size>
         <input_file_ref idref="fl-136"/>
      </object_component>
      <object_component id="oc-e0">
         <name>.debug_abbrev</name>
         <load_address>0xb49</load_address>
         <run_address>0xb49</run_address>
         <size>0xf</size>
      </object_component>
      <object_component id="oc-40">
         <name>.debug_str</name>
         <load_address>0x0</load_address>
         <run_address>0x0</run_address>
         <size>0xb3</size>
         <input_file_ref idref="fl-133"/>
      </object_component>
      <object_component id="oc-51">
         <name>.debug_str</name>
         <load_address>0xb3</load_address>
         <run_address>0xb3</run_address>
         <size>0xa7</size>
         <input_file_ref idref="fl-134"/>
      </object_component>
      <object_component id="oc-59">
         <name>.debug_str</name>
         <load_address>0x15a</load_address>
         <run_address>0x15a</run_address>
         <size>0x10d</size>
         <input_file_ref idref="fl-2"/>
      </object_component>
      <object_component id="oc-69">
         <name>.debug_str</name>
         <load_address>0x267</load_address>
         <run_address>0x267</run_address>
         <size>0x10f</size>
         <input_file_ref idref="fl-13a"/>
      </object_component>
      <object_component id="oc-73">
         <name>.debug_str</name>
         <load_address>0x376</load_address>
         <run_address>0x376</run_address>
         <size>0x10f</size>
         <input_file_ref idref="fl-133"/>
      </object_component>
      <object_component id="oc-7a">
         <name>.debug_str</name>
         <load_address>0x485</load_address>
         <run_address>0x485</run_address>
         <size>0x10a</size>
         <input_file_ref idref="fl-138"/>
      </object_component>
      <object_component id="oc-80">
         <name>.debug_str</name>
         <load_address>0x58f</load_address>
         <run_address>0x58f</run_address>
         <size>0xae</size>
         <input_file_ref idref="fl-133"/>
      </object_component>
      <object_component id="oc-86">
         <name>.debug_str</name>
         <load_address>0x63d</load_address>
         <run_address>0x63d</run_address>
         <size>0x9c</size>
         <input_file_ref idref="fl-134"/>
      </object_component>
      <object_component id="oc-8d">
         <name>.debug_str</name>
         <load_address>0x6d9</load_address>
         <run_address>0x6d9</run_address>
         <size>0x10a</size>
         <input_file_ref idref="fl-134"/>
      </object_component>
      <object_component id="oc-9c">
         <name>.debug_str</name>
         <load_address>0x7e3</load_address>
         <run_address>0x7e3</run_address>
         <size>0x108</size>
         <input_file_ref idref="fl-3"/>
      </object_component>
      <object_component id="oc-b2">
         <name>.debug_str</name>
         <load_address>0x8eb</load_address>
         <run_address>0x8eb</run_address>
         <size>0xf3</size>
         <input_file_ref idref="fl-13c"/>
      </object_component>
      <object_component id="oc-b8">
         <name>.debug_str</name>
         <load_address>0x9de</load_address>
         <run_address>0x9de</run_address>
         <size>0x10a</size>
         <input_file_ref idref="fl-8"/>
      </object_component>
      <object_component id="oc-41">
         <name>.debug_pubtypes</name>
         <load_address>0x0</load_address>
         <run_address>0x0</run_address>
         <size>0x46</size>
         <input_file_ref idref="fl-133"/>
      </object_component>
      <object_component id="oc-52">
         <name>.debug_pubtypes</name>
         <load_address>0x46</load_address>
         <run_address>0x46</run_address>
         <size>0x37</size>
         <input_file_ref idref="fl-134"/>
      </object_component>
      <object_component id="oc-5a">
         <name>.debug_pubtypes</name>
         <load_address>0x7d</load_address>
         <run_address>0x7d</run_address>
         <size>0xed</size>
         <input_file_ref idref="fl-2"/>
      </object_component>
      <object_component id="oc-6a">
         <name>.debug_pubtypes</name>
         <load_address>0x16a</load_address>
         <run_address>0x16a</run_address>
         <size>0xff</size>
         <input_file_ref idref="fl-13a"/>
      </object_component>
      <object_component id="oc-74">
         <name>.debug_pubtypes</name>
         <load_address>0x269</load_address>
         <run_address>0x269</run_address>
         <size>0xed</size>
         <input_file_ref idref="fl-133"/>
      </object_component>
      <object_component id="oc-7b">
         <name>.debug_pubtypes</name>
         <load_address>0x356</load_address>
         <run_address>0x356</run_address>
         <size>0xe4</size>
         <input_file_ref idref="fl-138"/>
      </object_component>
      <object_component id="oc-81">
         <name>.debug_pubtypes</name>
         <load_address>0x43a</load_address>
         <run_address>0x43a</run_address>
         <size>0x37</size>
         <input_file_ref idref="fl-133"/>
      </object_component>
      <object_component id="oc-87">
         <name>.debug_pubtypes</name>
         <load_address>0x471</load_address>
         <run_address>0x471</run_address>
         <size>0x1d</size>
         <input_file_ref idref="fl-134"/>
      </object_component>
      <object_component id="oc-8e">
         <name>.debug_pubtypes</name>
         <load_address>0x48e</load_address>
         <run_address>0x48e</run_address>
         <size>0xe4</size>
         <input_file_ref idref="fl-134"/>
      </object_component>
      <object_component id="oc-9d">
         <name>.debug_pubtypes</name>
         <load_address>0x572</load_address>
         <run_address>0x572</run_address>
         <size>0xe4</size>
         <input_file_ref idref="fl-3"/>
      </object_component>
      <object_component id="oc-b3">
         <name>.debug_pubtypes</name>
         <load_address>0x656</load_address>
         <run_address>0x656</run_address>
         <size>0x50</size>
         <input_file_ref idref="fl-13c"/>
      </object_component>
      <object_component id="oc-b9">
         <name>.debug_pubtypes</name>
         <load_address>0x6a6</load_address>
         <run_address>0x6a6</run_address>
         <size>0xe4</size>
         <input_file_ref idref="fl-8"/>
      </object_component>
   </object_component_list>
   <logical_group_list>
      <logical_group id="lg-3">
         <name>.intvecs</name>
         <load_address>0x0</load_address>
         <run_address>0x0</run_address>
         <size>0xf0</size>
         <contents>
            <object_component_ref idref="oc-e"/>
         </contents>
      </logical_group>
      <logical_group id="lg-4">
         <name>.text</name>
         <load_address>0xf0</load_address>
         <run_address>0xf0</run_address>
         <size>0xb90</size>
         <contents>
            <object_component_ref idref="oc-60"/>
            <object_component_ref idref="oc-38"/>
            <object_component_ref idref="oc-29"/>
            <object_component_ref idref="oc-93"/>
            <object_component_ref idref="oc-48"/>
            <object_component_ref idref="oc-5b"/>
            <object_component_ref idref="oc-31"/>
            <object_component_ref idref="oc-10"/>
            <object_component_ref idref="oc-2d"/>
            <object_component_ref idref="oc-9f"/>
            <object_component_ref idref="oc-14"/>
            <object_component_ref idref="oc-21"/>
            <object_component_ref idref="oc-1c"/>
         </contents>
      </logical_group>
      <logical_group id="lg-5">
         <name>.const</name>
         <run_address>0x0</run_address>
         <size>0x0</size>
         <contents>
         </contents>
      </logical_group>
      <logical_group id="lg-6">
         <name>.cinit</name>
         <load_address>0xc80</load_address>
         <run_address>0xc80</run_address>
         <size>0x20</size>
         <contents>
            <object_component_ref idref="oc-dd"/>
            <object_component_ref idref="oc-db"/>
            <object_component_ref idref="oc-dc"/>
         </contents>
      </logical_group>
      <logical_group id="lg-7">
         <name>.pinit</name>
         <run_address>0x0</run_address>
         <size>0x0</size>
         <contents>
         </contents>
      </logical_group>
      <logical_group id="lg-8">
         <name>.init_array</name>
         <run_address>0x0</run_address>
         <size>0x0</size>
         <contents>
         </contents>
      </logical_group>
      <logical_group id="lg-9">
         <name>.vtable</name>
         <run_address>0x0</run_address>
         <size>0x0</size>
         <contents>
         </contents>
      </logical_group>
      <logical_group id="lg-a">
         <name>.data</name>
         <load_address>0x20000200</load_address>
         <run_address>0x20000200</run_address>
         <size>0x14</size>
         <contents>
            <object_component_ref idref="oc-35"/>
            <object_component_ref idref="oc-6b"/>
            <object_component_ref idref="oc-6d"/>
         </contents>
      </logical_group>
      <logical_group id="lg-b">
         <name>.bss</name>
         <run_address>0x0</run_address>
         <size>0x0</size>
         <contents>
         </contents>
      </logical_group>
      <logical_group id="lg-c">
         <name>.sysmem</name>
         <run_address>0x0</run_address>
         <size>0x0</size>
         <contents>
         </contents>
      </logical_group>
      <logical_group id="lg-d">
         <name>.stack</name>
         <run_address>0x20000000</run_address>
         <size>0x200</size>
         <contents>
            <object_component_ref idref="oc-20"/>
            <object_component_ref idref="oc-de"/>
         </contents>
      </logical_group>
      <logical_group id="lg-cd">
         <name>.debug_info</name>
         <load_address>0x0</load_address>
         <run_address>0x0</run_address>
         <size>0x35e8</size>
         <contents>
            <object_component_ref idref="oc-f"/>
            <object_component_ref idref="oc-11"/>
            <object_component_ref idref="oc-15"/>
            <object_component_ref idref="oc-1d"/>
            <object_component_ref idref="oc-22"/>
            <object_component_ref idref="oc-28"/>
            <object_component_ref idref="oc-2a"/>
            <object_component_ref idref="oc-2e"/>
            <object_component_ref idref="oc-32"/>
            <object_component_ref idref="oc-36"/>
            <object_component_ref idref="oc-39"/>
            <object_component_ref idref="oc-3d"/>
            <object_component_ref idref="oc-49"/>
            <object_component_ref idref="oc-4d"/>
            <object_component_ref idref="oc-4e"/>
            <object_component_ref idref="oc-56"/>
            <object_component_ref idref="oc-5c"/>
            <object_component_ref idref="oc-61"/>
            <object_component_ref idref="oc-66"/>
            <object_component_ref idref="oc-6c"/>
            <object_component_ref idref="oc-6e"/>
            <object_component_ref idref="oc-70"/>
            <object_component_ref idref="oc-77"/>
            <object_component_ref idref="oc-7d"/>
            <object_component_ref idref="oc-82"/>
            <object_component_ref idref="oc-83"/>
            <object_component_ref idref="oc-8a"/>
            <object_component_ref idref="oc-92"/>
            <object_component_ref idref="oc-94"/>
            <object_component_ref idref="oc-99"/>
            <object_component_ref idref="oc-9e"/>
            <object_component_ref idref="oc-a0"/>
            <object_component_ref idref="oc-a5"/>
            <object_component_ref idref="oc-a8"/>
            <object_component_ref idref="oc-af"/>
            <object_component_ref idref="oc-b5"/>
            <object_component_ref idref="oc-df"/>
         </contents>
      </logical_group>
      <logical_group id="lg-cf">
         <name>.debug_line</name>
         <load_address>0x0</load_address>
         <run_address>0x0</run_address>
         <size>0xe47</size>
         <contents>
            <object_component_ref idref="oc-12"/>
            <object_component_ref idref="oc-16"/>
            <object_component_ref idref="oc-1e"/>
            <object_component_ref idref="oc-23"/>
            <object_component_ref idref="oc-27"/>
            <object_component_ref idref="oc-2b"/>
            <object_component_ref idref="oc-2f"/>
            <object_component_ref idref="oc-33"/>
            <object_component_ref idref="oc-3a"/>
            <object_component_ref idref="oc-3f"/>
            <object_component_ref idref="oc-4a"/>
            <object_component_ref idref="oc-50"/>
            <object_component_ref idref="oc-55"/>
            <object_component_ref idref="oc-58"/>
            <object_component_ref idref="oc-5d"/>
            <object_component_ref idref="oc-62"/>
            <object_component_ref idref="oc-68"/>
            <object_component_ref idref="oc-72"/>
            <object_component_ref idref="oc-76"/>
            <object_component_ref idref="oc-79"/>
            <object_component_ref idref="oc-7f"/>
            <object_component_ref idref="oc-85"/>
            <object_component_ref idref="oc-8c"/>
            <object_component_ref idref="oc-90"/>
            <object_component_ref idref="oc-95"/>
            <object_component_ref idref="oc-9b"/>
            <object_component_ref idref="oc-a1"/>
            <object_component_ref idref="oc-a4"/>
            <object_component_ref idref="oc-a7"/>
            <object_component_ref idref="oc-aa"/>
            <object_component_ref idref="oc-ae"/>
            <object_component_ref idref="oc-b1"/>
            <object_component_ref idref="oc-b7"/>
            <object_component_ref idref="oc-bb"/>
            <object_component_ref idref="oc-be"/>
            <object_component_ref idref="oc-c0"/>
         </contents>
      </logical_group>
      <logical_group id="lg-d1">
         <name>.debug_aranges</name>
         <load_address>0x0</load_address>
         <run_address>0x0</run_address>
         <size>0x228</size>
         <contents>
            <object_component_ref idref="oc-13"/>
            <object_component_ref idref="oc-17"/>
            <object_component_ref idref="oc-1f"/>
            <object_component_ref idref="oc-25"/>
            <object_component_ref idref="oc-2c"/>
            <object_component_ref idref="oc-30"/>
            <object_component_ref idref="oc-34"/>
            <object_component_ref idref="oc-3b"/>
            <object_component_ref idref="oc-4b"/>
            <object_component_ref idref="oc-5e"/>
            <object_component_ref idref="oc-64"/>
            <object_component_ref idref="oc-97"/>
            <object_component_ref idref="oc-a2"/>
         </contents>
      </logical_group>
      <logical_group id="lg-d3">
         <name>.debug_frame</name>
         <load_address>0x0</load_address>
         <run_address>0x0</run_address>
         <size>0x1bb</size>
         <contents>
            <object_component_ref idref="oc-24"/>
            <object_component_ref idref="oc-63"/>
            <object_component_ref idref="oc-96"/>
         </contents>
      </logical_group>
      <logical_group id="lg-d5">
         <name>.debug_abbrev</name>
         <load_address>0x0</load_address>
         <run_address>0x0</run_address>
         <size>0xb58</size>
         <contents>
            <object_component_ref idref="oc-26"/>
            <object_component_ref idref="oc-37"/>
            <object_component_ref idref="oc-3c"/>
            <object_component_ref idref="oc-3e"/>
            <object_component_ref idref="oc-4c"/>
            <object_component_ref idref="oc-4f"/>
            <object_component_ref idref="oc-53"/>
            <object_component_ref idref="oc-54"/>
            <object_component_ref idref="oc-57"/>
            <object_component_ref idref="oc-5f"/>
            <object_component_ref idref="oc-65"/>
            <object_component_ref idref="oc-67"/>
            <object_component_ref idref="oc-6f"/>
            <object_component_ref idref="oc-71"/>
            <object_component_ref idref="oc-75"/>
            <object_component_ref idref="oc-78"/>
            <object_component_ref idref="oc-7c"/>
            <object_component_ref idref="oc-7e"/>
            <object_component_ref idref="oc-84"/>
            <object_component_ref idref="oc-89"/>
            <object_component_ref idref="oc-8b"/>
            <object_component_ref idref="oc-8f"/>
            <object_component_ref idref="oc-91"/>
            <object_component_ref idref="oc-98"/>
            <object_component_ref idref="oc-9a"/>
            <object_component_ref idref="oc-a3"/>
            <object_component_ref idref="oc-a6"/>
            <object_component_ref idref="oc-a9"/>
            <object_component_ref idref="oc-ad"/>
            <object_component_ref idref="oc-b0"/>
            <object_component_ref idref="oc-b4"/>
            <object_component_ref idref="oc-b6"/>
            <object_component_ref idref="oc-ba"/>
            <object_component_ref idref="oc-bc"/>
            <object_component_ref idref="oc-bd"/>
            <object_component_ref idref="oc-bf"/>
            <object_component_ref idref="oc-e0"/>
         </contents>
      </logical_group>
      <logical_group id="lg-d7">
         <name>.debug_str</name>
         <load_address>0x0</load_address>
         <run_address>0x0</run_address>
         <size>0xae8</size>
         <contents>
            <object_component_ref idref="oc-40"/>
            <object_component_ref idref="oc-51"/>
            <object_component_ref idref="oc-59"/>
            <object_component_ref idref="oc-69"/>
            <object_component_ref idref="oc-73"/>
            <object_component_ref idref="oc-7a"/>
            <object_component_ref idref="oc-80"/>
            <object_component_ref idref="oc-86"/>
            <object_component_ref idref="oc-8d"/>
            <object_component_ref idref="oc-9c"/>
            <object_component_ref idref="oc-b2"/>
            <object_component_ref idref="oc-b8"/>
         </contents>
      </logical_group>
      <logical_group id="lg-d9">
         <name>.debug_pubtypes</name>
         <load_address>0x0</load_address>
         <run_address>0x0</run_address>
         <size>0x78a</size>
         <contents>
            <object_component_ref idref="oc-41"/>
            <object_component_ref idref="oc-52"/>
            <object_component_ref idref="oc-5a"/>
            <object_component_ref idref="oc-6a"/>
            <object_component_ref idref="oc-74"/>
            <object_component_ref idref="oc-7b"/>
            <object_component_ref idref="oc-81"/>
            <object_component_ref idref="oc-87"/>
            <object_component_ref idref="oc-8e"/>
            <object_component_ref idref="oc-9d"/>
            <object_component_ref idref="oc-b3"/>
            <object_component_ref idref="oc-b9"/>
         </contents>
      </logical_group>
      <load_segment id="lg-e3">
         <name>SEGMENT_0</name>
         <load_address>0x0</load_address>
         <run_address>0x0</run_address>
         <size>0xca0</size>
         <flags>0x5</flags>
         <contents>
            <logical_group_ref idref="lg-3"/>
            <logical_group_ref idref="lg-4"/>
            <logical_group_ref idref="lg-6"/>
         </contents>
      </load_segment>
      <load_segment id="lg-e4">
         <name>SEGMENT_1</name>
         <run_address>0x20000000</run_address>
         <size>0x200</size>
         <flags>0x6</flags>
         <contents>
            <logical_group_ref idref="lg-d"/>
         </contents>
      </load_segment>
      <load_segment id="lg-e5">
         <name>SEGMENT_2</name>
         <load_address>0x20000200</load_address>
         <run_address>0x20000200</run_address>
         <size>0x14</size>
         <flags>0x6</flags>
         <contents>
            <logical_group_ref idref="lg-a"/>
         </contents>
      </load_segment>
   </logical_group_list>
   <placement_map>
      <memory_area>
         <name>FLASH</name>
         <page_id>0x0</page_id>
         <origin>0x0</origin>
         <length>0x40000</length>
         <used_space>0xca0</used_space>
         <unused_space>0x3f360</unused_space>
         <attributes>RX</attributes>
         <usage_details>
            <allocated_space>
               <start_address>0x0</start_address>
               <size>0xf0</size>
               <logical_group_ref idref="lg-3"/>
            </allocated_space>
            <allocated_space>
               <start_address>0xf0</start_address>
               <size>0xb90</size>
               <logical_group_ref idref="lg-4"/>
            </allocated_space>
            <allocated_space>
               <start_address>0xc80</start_address>
               <size>0x20</size>
               <logical_group_ref idref="lg-6"/>
            </allocated_space>
            <available_space>
               <start_address>0xca0</start_address>
               <size>0x3f360</size>
            </available_space>
         </usage_details>
      </memory_area>
      <memory_area>
         <name>SRAM</name>
         <page_id>0x0</page_id>
         <origin>0x20000000</origin>
         <length>0x10000</length>
         <used_space>0x214</used_space>
         <unused_space>0xfdec</unused_space>
         <attributes>RWX</attributes>
         <usage_details>
            <allocated_space>
               <start_address>0x20000000</start_address>
               <size>0x200</size>
               <logical_group_ref idref="lg-d"/>
            </allocated_space>
            <allocated_space>
               <start_address>0x20000200</start_address>
               <size>0x14</size>
               <logical_group_ref idref="lg-a"/>
            </allocated_space>
            <available_space>
               <start_address>0x20000214</start_address>
               <size>0xfdec</size>
            </available_space>
         </usage_details>
      </memory_area>
   </placement_map>
   <cptbl_list>
      <cptbl>
         <name>__TI_cinit_table</name>
         <cprec>
            <name>.data</name>
            <load_address>0xc80</load_address>
            <load_size>0xf</load_size>
            <run_address>0x20000200</run_address>
            <run_size>0x14</run_size>
            <compression>rle</compression>
         </cprec>
      </cptbl>
   </cptbl_list>
   <handler_table>
      <handler_table_name>__TI_handler_table</handler_table_name>
      <handler>
         <index>0x0</index>
         <name>__TI_decompress_rle24</name>
      </handler>
      <handler>
         <index>0x1</index>
         <name>__TI_decompress_none</name>
      </handler>
   </handler_table>
   <symbol_table>
      <symbol id="sm-1">
         <name>__STACK_TOP</name>
         <value>0x20000200</value>
      </symbol>
      <symbol id="sm-2">
         <name>__TI_CINIT_Base</name>
         <value>0xc98</value>
      </symbol>
      <symbol id="sm-3">
         <name>__TI_CINIT_Limit</name>
         <value>0xca0</value>
      </symbol>
      <symbol id="sm-4">
         <name>__TI_Handler_Table_Base</name>
         <value>0xc90</value>
      </symbol>
      <symbol id="sm-5">
         <name>__TI_Handler_Table_Limit</name>
         <value>0xc98</value>
      </symbol>
      <symbol id="sm-6">
         <name>binit</name>
         <value>0xffffffff</value>
      </symbol>
      <symbol id="sm-7">
         <name>__binit__</name>
         <value>0xffffffff</value>
      </symbol>
      <symbol id="sm-8">
         <name>__STACK_SIZE</name>
         <value>0x200</value>
      </symbol>
      <symbol id="sm-9">
         <name>__STACK_END</name>
         <value>0x20000200</value>
      </symbol>
      <symbol id="sm-a">
         <name>__c_args__</name>
         <value>0xffffffff</value>
      </symbol>
      <symbol id="sm-41">
         <name>ResetISR</name>
         <value>0xc6f</value>
         <object_component_ref idref="oc-21"/>
      </symbol>
      <symbol id="sm-42">
         <name>g_pfnVectors</name>
         <value>0x0</value>
         <object_component_ref idref="oc-e"/>
      </symbol>
      <symbol id="sm-1ce">
         <name>Timer1Init</name>
         <value>0x1b5</value>
         <object_component_ref idref="oc-60"/>
      </symbol>
      <symbol id="sm-1cf">
         <name>InitPorts</name>
         <value>0x15b</value>
         <object_component_ref idref="oc-60"/>
      </symbol>
      <symbol id="sm-1d0">
         <name>main</name>
         <value>0xf1</value>
         <object_component_ref idref="oc-60"/>
      </symbol>
      <symbol id="sm-1d1">
         <name>Timer0bInit</name>
         <value>0x215</value>
         <object_component_ref idref="oc-60"/>
      </symbol>
      <symbol id="sm-1d2">
         <name>part1</name>
         <value>0x2f9</value>
         <object_component_ref idref="oc-60"/>
      </symbol>
      <symbol id="sm-1d3">
         <name>part2</name>
         <value>0x369</value>
         <object_component_ref idref="oc-60"/>
      </symbol>
      <symbol id="sm-1d4">
         <name>part3</name>
         <value>0x3f9</value>
         <object_component_ref idref="oc-60"/>
      </symbol>
      <symbol id="sm-1d5">
         <name>part4</name>
         <value>0x4d1</value>
         <object_component_ref idref="oc-60"/>
      </symbol>
      <symbol id="sm-1d6">
         <name>part5</name>
         <value>0x655</value>
         <object_component_ref idref="oc-60"/>
      </symbol>
      <symbol id="sm-1d7">
         <name>Timer0aInit</name>
         <value>0x277</value>
         <object_component_ref idref="oc-60"/>
      </symbol>
      <symbol id="sm-1eb">
         <name>mainOscInit</name>
         <value>0xa9d</value>
         <object_component_ref idref="oc-93"/>
      </symbol>
      <symbol id="sm-1f9">
         <name>_c_int00</name>
         <value>0xc01</value>
         <object_component_ref idref="oc-10"/>
      </symbol>
      <symbol id="sm-1fa">
         <name>__stack</name>
         <value>0x20000000</value>
         <object_component_ref idref="oc-20"/>
      </symbol>
      <symbol id="sm-214">
         <name>__TI_decompress_none</name>
         <value>0xc61</value>
         <object_component_ref idref="oc-14"/>
      </symbol>
      <symbol id="sm-23e">
         <name>__TI_decompress_rle24</name>
         <value>0xc7b</value>
         <object_component_ref idref="oc-1c"/>
      </symbol>
      <symbol id="sm-25a">
         <name>C$$EXIT</name>
         <value>0xbc1</value>
         <object_component_ref idref="oc-31"/>
      </symbol>
      <symbol id="sm-25b">
         <name>_dtors_ptr</name>
         <value>0x2000020c</value>
         <object_component_ref idref="oc-6d"/>
      </symbol>
      <symbol id="sm-25c">
         <name>abort</name>
         <value>0xbc5</value>
         <object_component_ref idref="oc-31"/>
      </symbol>
      <symbol id="sm-25d">
         <name>_cleanup_ptr</name>
         <value>0x20000208</value>
         <object_component_ref idref="oc-6d"/>
      </symbol>
      <symbol id="sm-25e">
         <name>exit</name>
         <value>0xbcd</value>
         <object_component_ref idref="oc-31"/>
      </symbol>
      <symbol id="sm-273">
         <name>memcpy</name>
         <value>0x96d</value>
         <object_component_ref idref="oc-38"/>
      </symbol>
      <symbol id="sm-274">
         <name>__aeabi_memcpy</name>
         <value>0x96d</value>
         <object_component_ref idref="oc-38"/>
      </symbol>
      <symbol id="sm-275">
         <name>__aeabi_memcpy8</name>
         <value>0x96d</value>
         <object_component_ref idref="oc-38"/>
      </symbol>
      <symbol id="sm-276">
         <name>__aeabi_memcpy4</name>
         <value>0x96d</value>
         <object_component_ref idref="oc-38"/>
      </symbol>
      <symbol id="sm-282">
         <name>main_func_sp</name>
         <value>0x20000210</value>
         <object_component_ref idref="oc-35"/>
      </symbol>
      <symbol id="sm-297">
         <name>_nop</name>
         <value>0xc5b</value>
         <object_component_ref idref="oc-9f"/>
      </symbol>
      <symbol id="sm-298">
         <name>_lock</name>
         <value>0x20000200</value>
         <object_component_ref idref="oc-6b"/>
      </symbol>
      <symbol id="sm-299">
         <name>_unlock</name>
         <value>0x20000204</value>
         <object_component_ref idref="oc-6b"/>
      </symbol>
      <symbol id="sm-29a">
         <name>_register_lock</name>
         <value>0xc53</value>
         <object_component_ref idref="oc-9f"/>
      </symbol>
      <symbol id="sm-29b">
         <name>_register_unlock</name>
         <value>0xc4d</value>
         <object_component_ref idref="oc-9f"/>
      </symbol>
      <symbol id="sm-2aa">
         <name>_args_main</name>
         <value>0xc35</value>
         <object_component_ref idref="oc-2d"/>
      </symbol>
      <symbol id="sm-2c4">
         <name>__TI_auto_init</name>
         <value>0xa09</value>
         <object_component_ref idref="oc-29"/>
      </symbol>
      <symbol id="sm-2db">
         <name>copy_in</name>
         <value>0xb7d</value>
         <object_component_ref idref="oc-5b"/>
      </symbol>
      <symbol id="sm-2dc">
         <name>__TI_static_base__</name>
         <value>0x0</value>
      </symbol>
      <symbol id="sm-2dd">
         <name>__TI_args_main</name>
         <value>0x1</value>
      </symbol>
      <symbol id="sm-2de">
         <name>SHT$$INIT_ARRAY$$Limit</name>
         <value>0x0</value>
      </symbol>
      <symbol id="sm-2df">
         <name>SHT$$INIT_ARRAY$$Base</name>
         <value>0x0</value>
      </symbol>
   </symbol_table>
</link_info>
